company,company_id
Fluid Truck Share,0
Mindcolor Autism,1
SPECTRUM,2
MIRACORP,3
"Edison Software, Inc.",4
Indian Health Service,5
FJA-US Inc.,6
Comcast,7
Brilliant Earth,8
US Department of the Interior,9
State of Colorado Job Opportunities,10
A-1 Careers,11
Millennium Hotels & Resorts,12
USAA,13
National Geospatial-Intelligence Agency,14
Autodesk,15
WOW!,16
CirrusMD,17
Course5 Intelligence,18
BOEING,19
Danone,20
xentity corporation,21
LOCKHEED MARTIN CORPORATION,22
Kaiser Permanente,23
DISH,24
Wakely Consulting Group LLC,25
Planterra Foods,26
Century Communities,27
Gloo,28
US Department of Education,29
Ibotta,30
ClientSolv Technologies,31
Stantec,32
Disys,33
PopSockets,34
Peak Vista Community Health Centers,35
Aegis Premier Solutions,36
PharMerica,37
National Jewish Health,38
GHX,39
Franklin Energy,40
Vail Resorts,41
"Attain, LLC",42
DaVita,43
"Teliax, Inc.",44
"IMA Financial Group, Inc.",45
Computershare,46
Innovage,47
Sanborn Map Company,48
Splunk,49
AirDNA,50
Maxar Technologies,51
PHOENIX,52
"Behavior Change Institute, LLC.",53
Regis University,54
Ipreo,55
Tri-County Health Department,56
US Department of Defense,57
Cardinal Group Companies,58
American AgCredit,59
Path2Response LLC,60
Paladina Health / Activate Healthcare,61
Black Knight Financial Services,62
Ent Credit Union,63
University of Colorado Denver I Anschutz,64
Viola AI,65
"Public Trust Advisors, LLC",66
McLane Global,67
CTG,68
Microsolutiontek,69
Reynolds and Reynolds,70
Premier Medical Resources,71
Texas A&M University,72
Harris County,73
FIS Global,74
Entera,75
HOLE Group,76
132 ENG Inc.,77
First Service Credit Union,78
Immatics US,79
"Commercial Beverage Concepts, LLC",80
Cordialsa USA,81
"Biourja Power, LLC",82
Ford & Sweeney Support Services,83
GTS Geotech,84
GeoDigital,85
PrimeFlight Aviation,86
Houston Exponential,87
The Potts Law Firm,88
Shellpoint Mortgage Servicing,89
CenterPoint Energy,90
Huntsman,91
Rainbow Ceramics,92
TC Energy,93
Energy Transfer Family of Partnerships,94
Confidential,95
BNY Mellon,96
"Two Sigma Investments, LLC.",97
Servient Inc,98
Altus ACE,99
Sunnova Energy Corp,100
cPanel,101
Houston-Galveston Area Council,102
Radiology Partners,103
Chambers County Public Hospital District No. 1,104
CSL,105
Service Corporation International,106
National Oilwell Varco,107
Phillips 66,108
Texas Gulf Bank,109
"AAXY, LLC. dba Austin First Mortgage",110
Cognizant Technology Solutions,111
Talen Energy,112
"City of Houston, TX",113
Virtus Partners,114
Sam Houston State University,115
CBRE,116
Thermo Fisher Scientific,117
Fort Bend County,118
Purity Technology LLC,119
Harris Health System,120
Kelsey-Seybold,121
DXC,122
Innovalus Technologies Inc,123
McKinsey & Company,124
Fiesta Mart | Fiesta Mart LLC,125
The University of Texas Health Science Center at H...,126
Texas ABA Therapy,127
Quorum Business Solutions,128
Cornerstone Preferred Resources,129
Baylor College of Medicine,130
David Weekley Homes,131
"Metropolitan Transit Authority of Houston, Texas",132
Army Houston Recruiting Battalion,133
Medline Industries Inc,134
TD Bank,135
Systemart LLC,136
Gather Resources,137
Idexcel,138
Unity Search,139
Moneygram,140
Citi,141
ZealNine,142
"Dallas County, TX",143
Trinity Industries,144
"TEKEDGE SOLUTION, INC.",145
Toyota,146
ADT Security Services,147
Mars,148
FirstAmerica,149
CommScope,150
"SUNSET LOGISTICS, INC",151
First American,152
University of Texas at Arlington,153
ITRGroup.com,154
WalkerHealthcare,155
Special Counsel,156
Evolve Mortgage Services,157
Advanced Plan for Health,158
"Meridian Technologies, Inc.",159
Newport Medical Solutions,160
SHOEBACCA,161
InspiHER Tech,162
EZLynx,163
CDO Chief Digital Office,164
TXARNG,165
Mills College,166
LeadsOnline LLC,167
Community Hospital Corporation,168
Potomac Management,169
Liberty Mutual Insurance,170
The Richards Group,171
Dash Technologies Inc,172
Dexperts,173
Capgemini,174
Michaels Stores,175
fortisys,176
NS and Associates,177
"PSG Support Services, LLC",178
HireMain LLC,179
Signify Health,180
"Insight Enterprises, Inc.",181
ZeniMax Media Inc.,182
Leidos Cyber,183
UT Southwestern Medical Center,184
Bestow,185
Rent A Center Texas LP,186
PepsiCo,187
MoneyGram,188
Bloomfield Homes,189
Mobilityware,190
UT Southwestern,191
"LOFTWALL, Inc.",192
Goldman Sachs,193
Altice USA,194
HCL Americas,195
CAE Inc.,196
RealPage,197
Vergent LMS,198
Brinks Home Security™,199
Mary Kay Inc,200
HCL Technologies,201
Behavioral Health Group,202
Paine Insurance Group,203
Public Health Institute,204
Topcon Positioning Systems,205
First Republic Bank,206
Intuit,207
Department of General Services,208
Showwcase,209
Chime,210
University of California San Francisco,211
Department of Industrial Relations,212
Cushman & Wakefield,213
E.&J. Gallo Winery,214
SELLBYTEL,215
UpNest,216
LaunchDarkly,217
"Evolver, LLC.",218
Hinge Health,219
Polarr,220
Incedo,221
Square,222
Parker Institute for Cancer Immunotherapy,223
FLYR Inc,224
Community Action Partnership of San Luis Obispo,225
"delta computer solutions, inc. www.deltacs.com",226
Any QA,227
Tommy Energy Solutions Corp.,228
CalSTRS,229
Mindstrong,230
Bailard,231
"Association For Energy Affordability, Inc.",232
decormatters,233
Academia.edu,234
Veem,235
FocusKPI Inc.,236
TikTok,237
Avila Trading,238
Ferreira Power Group,239
Stanford University,240
GPS CAPITAL MANAGEMENT,241
Long Term Stock Exchange (LTSE),242
Good Eggs,243
Motiv Power Systems,244
"G2 Integrated Solutions, LLC",245
Pill Club,246
Acumen LLC,247
"Corus Group, LLC",248
Dignity Health System Office,249
Entelligence IT,250
Idemitsu Renewables,251
Zensar Technologies,252
GLIDE MEMORIAL CHURCH,253
"InfoIMAGE, Inc.",254
Scaleapi,255
Uber,256
Centene Corporation,257
BigCommerce,258
ServiceNow,259
Facebook,260
Frequence,261
Sutter Health,262
University of California Office of the President,263
BrainyPro,264
"Cal Alumni Association, UC Berkeley",265
"Wiley X, Inc",266
"Fullpower Technologies, Inc.",267
California State University,268
Spin,269
Tesla,270
Life360,271
Serry Systems,272
Spin Electric Scooters,273
MUFG,274
Southwest Service Administrators,275
Circle K,276
"XRF USA International, Inc.",277
Gatestone & Co. Inc,278
State of Arizona,279
Arizona State University,280
Banner Health,281
US Department of Homeland Security,282
TransPerfect Translations Inc.,283
"RevolutionParts, Inc.",284
"Daman, Inc.",285
Amazon.com Services LLC,286
3Qi Labs,287
Pyramid,288
Shamrock Foods,289
Gilbert Public Schools,290
Discount Tire Corporate Careers,291
"Berkeley Research Group, LLC",292
Scientific Technologies Corporation,293
Northrop Grumman,294
Sonoran Plumbing Supply,295
"City of Glendale, AZ",296
TransPerfect,297
vtech Solutions,298
Phoenix Children's Hospital,299
State Farm,300
COVETRUS INC,301
Sprouts Farmers Market,302
Anju Software,303
CSAA Insurance Group,304
Desert Financial Credit Union,305
OPULENTSOFT,306
Arizona Supreme Court,307
Yavapai College,308
CVS Health,309
Sunrun,310
National Education Partners,311
"DriveTime Automotive Group, Inc.",312
2060 Digital,313
Telesoft LLC dba MDSL,314
Desert Financial,315
American Vision Partners,316
ON Semiconductor,317
University of Phoenix,318
Mark Anthony Brewing Inc.,319
"Virtelligence, Inc",320
loanDepot,321
TriWest Healthcare Alliance,322
Gould Intelligent,323
Infotree Service Inc,324
Blue Cross Blue Shield of Arizona,325
UnitedHealth Group,326
COPA Health,327
Streams Inc,328
Hash Technologies,329
Abbott Construction,330
University of Washington,331
Dolphin,332
Thurston County,333
System1,334
WaFd Bank,335
CDC Foundation,336
"IT Partners,Inc",337
Lakefield Veterinary Group,338
American Capital Group,339
"CAF, INC.",340
Rational,341
GOCOOL,342
Trendency Research,343
Color Of Change PAC,344
City of Seattle,345
PATH,346
Southern Glazer’s Wine and Spirits,347
Microsoft,348
RedCloud Consulting,349
"SRSM, Inc.",350
Bristol-Myers Squibb,351
Costco Wholesale,352
Linksbridge,353
The West River Group,354
Remitly,355
Veteran Affairs,356
Expedia Group,357
Nayamode,358
C2S Technologies,359
User Research International,360
Subex,361
Accelalpha,362
Highbrow LLC,363
Pythonwise,364
doxo,365
toolhouse,366
Providence Health & Services,367
"Paula's Choice, LLC",368
DigniFi,369
Batson Enterprises Inc.,370
Zen3 Info Solutions,371
Neal Analytics,372
Seiu Local 775,373
"Amazon Web Services, Inc.",374
Ars Quanta,375
f5,376
IEH Laboratories,377
axantis,378
OfferUp,379
SCRUMPOINT,380
BiSoft,381
Johns Hopkins University,382
US Department of Veterans Affairs,383
Allen Institute,384
T-Mobile,385
Ziply Fiber,386
Aerojet Rocketdyne,387
"Amazon Data Services, Inc.",388
Crystal Mountain Inc,389
Golden Tech Systems,390
Pushpay,391
Akraya Inc.,392
National Capitol Contracting (NCC),393
Native American Rehabilitation Association (NARA),394
"Multnomah County, OR",395
"Go, Inc.",396
Google,397
Laird Superfood,398
HP,399
Community Services Consortium,400
Airship,401
ProFocus,402
ZoomInfo,403
Zoom Information Inc.,404
Edwards Ltd,405
ALS Environmental,406
LegitScript,407
FlexIT Inc,408
Department of Human Services,409
City of Vancouver,410
Nike,411
Moda Health,412
The Freshwater Trust,413
U.S. Army,414
RAPS IT CONSULTING,415
OIA Global,416
Portland Public Schools,417
New Relic,418
OmniData Insights,419
Atlas Management,420
The Standard,421
Skillz Inc.,422
"Genesis Financial Solutions, Inc.",423
American Standard,424
VA Portland Health Care System,425
Schrödinger,426
The Home Depot,427
University of Western States,428
BICP,429
Banfield Pet Hospital,430
"Azad, inc.",431
H&E Equipment Services,432
"Salient CRGT, Inc",433
Tanisha Systems Inc.,434
PacifiCorp,435
The Gunter Group,436
Optizm Global.,437
Digital Trends,438
Jones-Stohosky Environmental Laboratory,439
Ichor Systems Inc.,440
PeaceHealth,441
Fisher Investments,442
Columbia Distributing,443
Managed Health Care Associates,444
John Cockerill,445
Providence Health & Services (Main),446
ShopLadder.com,447
"Palm Beach Accountable Care Organization, LLC",448
IBERIA FOODS,449
Florida International University,450
Roig Lawyers,451
Maschmeyer Concrete Company of Florida,452
Baptist Health Quality Network,453
US Department of the Air Force,454
Miami Cancer Institute at Baptist Health,455
Interamerican Medical Center,456
"New Horizons Community Mental Health Center, Inc",457
ImmigrationEngine,458
GameTime,459
Citrix,460
Chewy,461
Memorial Healthcare System,462
Lakeview Loan Servicing,463
LNR Property LLC,464
"Hulett Environmental Services, Inc",465
Greensill,466
Bayview Asset Management,467
HCW Biologics Inc.,468
Kira Labs Inc.,469
Pike Corporation,470
NBCUniversal,471
DROIT TEK SOLUTIONS,472
Spring Footwear Corp,473
IMW Internet Marketing WorldWide,474
CLS Bank International,475
WCMS Solutions,476
Arise Virtual Solutions Inc.,477
Farelogix,478
777 Partners,479
MVM,480
Celestar Corporation,481
Mill Creek Residential,482
ThoughtFocus,483
vitaMedMD LLC,484
Barry University,485
"Palm Beach ACO, LLC",486
Softvision,487
Networkforce,488
Leeds Professional,489
Viacom,490
Drivers Alert,491
"Proteus, LLC",492
Alcora Corporation,493
Lennar,494
"City of Boca Raton, FL",495
Voloridge Investment Management,496
Assurant,497
Inktel Contact Center Solutions,498
Bluegreen Vacations Corporation,499
Guardian Eagle,500
Therapies 4 Kids,501
The Learning Center at The Els Center of Excellence,502
ABA Squad,503
"Modernizing Medicine, Inc.",504
Broward Health Corporate,505
QEP Co Inc,506
Great American Insurance Group,507
"4KIDS of South Florida, Inc.",508
Construction Journal,509
Cinch Home Services,510
"Children’s Behavior Therapy, INC.",511
Campus Management,512
Cancer Treatment Centers of America,513
Grantek Systems Integration,514
Achieve Beyond Pediatric Therapy & Autism Services,515
T-ROC,516
Apotex,517
"Sony Pictures Entertainment, Inc.",518
Enhance Health IT consulting,519
Carillon Hotel LLC,520
Titan America,521
Workforce Logiq,522
California FAIR Plan Association,523
UnionBank,524
Confidental Company,525
The Loot Company,526
"Prime MSO, LLC.",527
The Trevor Project,528
Wellth,529
Lyceum Dynamics,530
WorkCare Inc.,531
BlueLabs Analytics,532
Ruggable,533
Jam City,534
UCLA,535
Impactful Resources,536
Lucky Day,537
Mylife,538
silicon tech solutions,539
L.A. Care Health Plan,540
Heluna Health,541
PeerStreet,542
Simplepractice,543
PlayQ,544
Internet Brands,545
"Beckman Coulter, Inc.",546
TRENCH PLATE RENTAL CO,547
Sony/ATV Music Publishing LLC,548
Kharon,549
TutorMe,550
PUBG Santa Monica,551
Information Technology Partners,552
HITRECORD,553
MobilityWare,554
Groundwork Coffee Roasters,555
"Operating Company ACTIVISION PUBLISHING, INC",556
Newegg,557
Walt Disney Direct-to-Consumer and International,558
Age of Learning,559
Molina Healthcare,560
Staff Smart,561
Swinerton Builders,562
Shapestone Inc.,563
Uline,564
"LoadSpring Solutions, Inc",565
LAs Totally Awesome,566
SiO Digital,567
Hagerty Consulting,568
Blue Shield of California,569
Osborne Homes,570
Moon Collection,571
PennyMac,572
"Dot818, LLC",573
Lanic Aerospace,574
Fortuna BMC,575
TCG,576
Corsica Life Sciences,577
JLM Environmental,578
Intrado,579
"Harvey & Company, LLC",580
ELECTRO RENT CORPORATION,581
"U.S. Auto Parts Network, Inc",582
Catasys,583
Pasadena City College,584
"Satori Technology, LLC",585
Masimo,586
Hestia Hospice,587
Chinatrust Bank USA,588
Chaucer Foods,589
Stone Brewing Co.,590
Mr. Bult's Inc.,591
Medical Home Network,592
PROMARKETEXCHANGE,593
Microflexinfra,594
Forfeiture Support Associates,595
Northwestern University,596
PDI,597
The Art Institute of Chicago,598
Source Alliance Network LLC,599
Weboptimix,600
Cepoch,601
BMO Financial Group,602
Zing Health,603
Chicago Public Schools,604
Numerator,605
Metropolitan Family Services,606
Fetch Rewards,607
Federal Reserve Bank of Chicago,608
Headquarter office for global distribution giant,609
Ann & Robert H. Lurie Children’s Hospital of Chica...,610
Bank of America,611
Equilar Inc,612
Saggezza,613
First Notch Technology LLC,614
Riskonnect Inc,615
College Rising Company,616
Fooda,617
Compass Lexecon,618
HomeX,619
ULINE,620
"CorTech, LLC",621
Strike Social,622
State of Illinois,623
TMP Worldwide,624
Echo Global Logistics,625
TIAA,626
Integral Ad Science,627
Ulta Beauty,628
"Lionshead Specialty Tire & Wheel, LLC",629
CoinFlip,630
"Stampede Meat, Inc.",631
Econtenti Inc,632
"Level Ex, Inc.",633
Sammons Financial Group Companies,634
Chapin Hall at the University of Chicago,635
Ann & Robert H. Lurie Children's Hospital of Chica...,636
Caterpillar,637
Hale Testing Solutions,638
"Hornblower Cruises and Events, LLC",639
The University of Chicago,640
ARYZTA Careers,641
Cardinal Intellectual Property,642
Group One Trading,643
SkinCure Oncology,644
AllianceChicago,645
CME Group,646
Wintrust Financial Corporation,647
ZLLIUS,648
access2insight,649
Show Me Leads,650
CIBC US,651
The Marketing Arm,652
"DSC Logistics, LLC",653
TCS Education System,654
OneSpan,655
WALGREENS,656
Northern Trust Corp.,657
Ardent Managed Solutions,658
HIMSS,659
TradeStation,660
#TeamGoHealth,661
Sahara Management Inc.,662
The Onion,663
Rockford Public Schools,664
AETNA,665
CITADEL ENTERPRISE EUROPE LIMITED,666
Goby Inc,667
ARS-Rescue Rooter,668
"Spruce Services, Inc",669
OneAuth,670
Personal Household,671
GasPedal,672
ARK Solutions,673
Health & Human Services Comm,674
Dept of Family & Protectve Svc,675
Teacher Retirement System of Texas,676
Sellers Shield,677
OFFICE OF INJURED EMPLOYEE COUNSEL,678
MVPindex,679
SubjectWell,680
Apple,681
"Advanced Micro Devices, Inc.",682
Fusion Technical Solutions,683
Zynga,684
TaskRabbit,685
Healthgrades,686
Cigna,687
Alliant Insurance Services,688
University of Texas at Austin,689
Q2ebanking,690
Softvision - North America,691
ClearCorrect,692
Texas Windstorm Insurance Association,693
Ascension Technologies,694
BridgeGap Global,695
Forcepoint,696
TEXAS EDUCATION AGENCY,697
Vantage Bank Texas,698
Buc-ee's Ltd,699
Valero Energy Corporation,700
Scaleworks,701
United Way for Greater Austin,702
Iris Plans Inc.,703
BazaarVoice,704
Huntington Ingalls Industries Inc.,705
HORNE LLP,706
Texas Department of Transportation,707
Baylor Scott & White Health,708
B.well Connected Health,709
Texas Association of Counties,710
CDO Technologies Inc,711
Central Health,712
First National Bank Texas,713
eBay Inc.,714
Indeed,715
General Dynamics Information Technology,716
LPL Financial,717
Pinkus Partners,718
"Amyx, Inc.",719
Gathi Analytics,720
UFCU,721
"Corporate Pharmacy Services, Inc.",722
Booz Allen Hamilton,723
Pain Specialist of America LLC,724
"Ishpi Information Technologies, Inc",725
South Texas Radiology Group PA,726
Tek9 Solutions,727
Travis County,728
"Universal Screen Arts, Inc.",729
ITI Data,730
PNC Financial Services Group,731
The University of Pittsburgh,732
County of Washington,733
Princeton Mortgage,734
Duncan Financial Group / Atlantic Financial Group,735
Intalere Inc,736
"YinzCam, Inc.",737
Donnelly-Boland and Associates,738
TrueSense Marketing,739
Highmark Inc,740
"BCHH, Inc.",741
"BSI Financial Services, Inc",742
DICK'S Sporting Goods,743
Port Authority of Allegheny County,744
HM Health Solutions,745
UPMC,746
"CGI Group, Inc.",747
Highmark Health,748
KBS Solutions,749
"Sanjay Bharti, MD, PLLC",750
Bosch Group,751
Federated Hermes,752
Carmeuse Lime & Stone,753
Komatsu,754
The West Virginia University Foundation,755
ANSYS,756
Ohio's Electric Cooperatives,757
Systems Ltd,758
Carnegie Mellon University,759
RoadRunner Recycling Inc.,760
DAI Management Consultants,761
Matthews,762
Callibus Inc,763
Data Ideology,764
"Wesco Distribution, Inc.",765
The Medical Cost Savings Solution,766
Duquesne Light,767
PPG Industries,768
Siemens,769
Brightside Academy,770
American Eagle Outfitters,771
SSI,772
SCA Technologies,773
"Mitsubishi Electric Power Products, Inc.",774
JLL,775
Automated Health Systems,776
Hire genics,777
Sheetz,778
Starr and Associates,779
Confidential - Structured Asset Finance,780
Search America,781
Altium Packaging,782
"HealthMPowers, Inc",783
Jernel Technology Corporation,784
Integro,785
Coca-Cola Business Services North America LLC,786
MaxisIT Inc,787
Atlanta Public Schools,788
"Cooper Holdings, Inc.",789
Pinnacle Solutions Inc,790
"Project Verte, Inc.",791
US Department of Labor,792
Constant Analytics,793
Riya Software Consulting,794
Mediacurrent,795
Clarity USA,796
UCA services,797
CharterUP,798
Northeast Georgia Health System,799
GovStrive LLC,800
Informa,801
Infosys Limited,802
HD Supply,803
iMedX Inc.,804
"Immucor, Inc",805
Distribution Cooperative Inc,806
"DeKalb County, GA",807
Turner,808
RaceTrac,809
Clear Nexus Inc,810
VectorNow.com,811
Embark General Insurance,812
Toppan Interamerica,813
UNITED PARCEL SERVICE,814
Interapt,815
Cloudious LLC,816
Tolteca Foodservice,817
Arkadin,818
Ultimate Systems Inc,819
RSM US LLP,820
Intercontinental Exchange,821
"Chick-fil-A, Inc.",822
ATT Southern Patio,823
Algoloma Systems,824
Metas Solutions,826
ICF,827
Smart Space,828
Americold,829
"Perficient, Inc",830
"Fiserv, Inc.",831
Hughston Clinic,832
Centers for Disease Control and Prevention (CDC),833
"Safe-Guard Products International, LLC",834
Emory,835
Myers and Stauffer LC,836
Luxottica Group,837
ECM Practice,838
Anthem,839
Ross Technology,840
Cambridge Solutions,841
Wells Fargo Bank,842
Tetra Tech,843
2000 east westmoreland st llc,844
Piper Companies,845
"WebFX, Inc.",846
Radius Global Solutions LLC,847
Cecil College,848
goPuff,849
Visual Connections LLC,850
"Renaissance Associates, Ltd.",851
Pharmica Consulting,852
AccessLex Institute,853
Continuum Companies,854
IntegriChain,855
Yewno,856
Gainful Health,857
NADAP,858
STRATIS IoT Inc,859
Digi555,860
FOCO,861
IKEA,862
Touch of Color Flooring,863
Auxilior Capital Partners,864
"Pathfinders, Inc.",865
"VSE, Inc.",866
University of Pennsylvania,867
Big Huge Games,868
Vettery,869
Neat,870
Keane,871
SAP,872
GSK,873
Epathusa INC,874
Admera Health,875
impakt Advisors,876
UHS Corporate Office,877
AmeriHealth Caritas,878
Baltimore City Public Schools,879
Federal Reserve Bank of Philadelphia,880
Rutgers University,881
Lehigh Valley Health Network,882
VIRTUA,883
Unity Technologies Corporation,884
CIMI Behavior Analytic Solutions,885
TGS Management Company,886
Bloomberg,887
New York City POLICE DEPARTMENT,888
The Buttonwood Tree,889
Greenphire,890
Vera Institute of Justice,891
Freedom Mortgage,892
"TekEdge Solution, INC.",893
Chubb,894
Eastern Airlines LLC,895
Alderson Loop,896
CluePoints,897
Community Behavioral Health,898
"Franco Manufacturing Co., Inc.",899
Wodify,900
Jay Hill Repairs,901
Community Development Corp of Long Island,902
utiliVisor,903
BrightFarms,904
Fordham University,905
Marathon Energy Corporation,906
Confidential - AML Analyst,907
AlignRx,908
Citizen,909
Vaco,910
Vericred,911
Vee Search,912
"Paulson Investment Company, LLC",913
AAA of Western & Central NY,914
Talent Bundle LLC,915
Corsearch,916
FanDuel,917
Prospect 33,918
Well Woven Inc.,919
"Golden Krust Franchising, Inc.",920
The New York Times,921
YAI - Seeing Beyond Disability,922
Consulting at McCann Health,923
Mount Sinai,924
Relevant Healthcare Technologies,925
Newspaper Administration,926
Madwell,927
Pacific Investment Management Company LLC,928
Ampersand,929
Cayuga Medical Center,930
Etsy,931
"KGS Technology Group, Inc.",932
VISITING NURSE SERVICE OF NEW YORK,933
Mavis Discount Tire,934
Olean Area Federal Credit Union,935
Center For Policing Equity,936
Raymour and Flanigan,937
Tehrit Inc.,938
FAJ Financial,939
New York Life Insurance Co,940
Source Enterprises,941
Brink's Incorporated,942
Mphasis,943
Perfume Center of America,944
"Research Foundation for Mental Hygiene, Inc.",945
Peloton,946
Mathison,947
University of Rochester,948
KPH Healthcare Services,949
Tishman Speyer,950
Nutrafol,951
New York City DEPT OF HEALTH/MENTAL HYGIENE,952
"RRGP, Inc",953
ABI Research,954
RSG Media,955
Known,956
Federation of Organizations,957
Guidepoint Global,958
Endai,959
Ace-stack LLC,960
Museum of Ice Cream,961
Hirsch Law Group,962
Society for Vascular Surgery,963
i-Pharm Consulting,964
Cloudbigdata Technologies,965
kraken,966
Thrivent Financial,967
Thrivent,968
Waystar,969
Goodway Group,970
Photon,971
Capax Global LLC,972
MessageControl,973
Big Bright International,974
Argonne National Laboratory,975
Strong Analytics,976
"Mastery Logistics Systems, Inc.",977
devwrx,978
Army Enterprise Marketing Office,979
INX International Ink Co.,980
STATS PERFORM,981
Wavicle Data Solutions,982
Underwriters Laboratories Inc.,983
Colsh Consultants,984
AbbVie,985
Toyota Research Institute,986
"Perceptronics Solutions, Inc",987
Kbyte Systems LLC.,988
West Monroe,989
"JPMorgan Chase Bank, N.A.",990
Kemper,991
Uptake,992
Alldus,993
Genius Sports Media,994
"Group O, Inc.",995
Leap,996
"KeHE Distributors, LLC",997
Axiom Group,998
Slalom Consulting,999
ADM Tech Services,1000
Ecolab,1001
Nielsen,1002
"Grubhub Holdings, Inc.",1003
The Climate Corporation,1004
CreditNinja,1005
TransMarket Group,1006
DRW,1007
Discover Financial Services,1008
Foxconn Technology Group,1009
Zurich North America,1010
Attadale Partners,1011
Conversant Media,1012
Tempus,1013
Noom Inc.,1014
North America Service Center for Chinese Students/纽约留学生网美窝房产部,1015
Building Service 32BJ Benefit Funds,1016
Bowery Farming,1017
1-800-Flowers,1018
Pricesenz,1019
New York University,1020
IBM,1021
Altversity,1022
Spotify,1023
Urbint,1024
viagogo,1025
Decode_M,1026
Unite Us,1027
Corning,1028
RISIRISA,1029
Catholic Health Services of Long Island,1030
Casper,1031
Doctors Without Borders | Médecins Sans Frontières,1032
Voice,1033
Noom US,1034
Tapestry,1035
Riskified,1036
"D. E. Shaw & Co., L.P.",1037
L3Harris Technologies,1038
Advan Research Corporation,1039
PulsePoint,1040
Flatiron Health,1041
Ro,1042
The CARIAN Group,1043
Microagility,1044
Grow Recruiting,1045
Capital One,1046
IFG Companies,1047
Consumer Reports,1048
Info Origin Inc,1049
Amazon Advertising LLC,1050
MediaMath,1051
American Express,1052
Starbucks,1053
Adaptive Biotechnologies,1054
Hiya,1055
Wish,1056
Tableau,1057
Red Violet Inc.,1058
Moxie Software,1059
Go With Her Enterprises,1060
Koverse,1061
Integral Consulting Inc.,1062
Zulily,1063
Pacific Northwest National Laboratory,1064
Nestle USA,1065
Convoy,1066
Oracle,1067
Québec Immigration Office,1068
Docugami,1069
Salesforce,1070
Saykara,1071
bluebird bio,1072
Puget Sound Energy,1073
Tinuiti - 2,1074
Pioneer Square Labs,1075
Talent Acquisition Québec,1076
"Amazon Dev Center U.S., Inc.",1077
Frontend Arts,1078
Snapchat,1079
Wyze Labs,1080
Outreach,1081
SpaceCurve,1082
LivePerson,1083
Inabia Solutions and Consulting,1084
The American College of Radiology,1085
Children's Hospital of Philadelphia,1086
Boxplot,1087
United States Cold Storage,1088
Clarivate Analytics,1089
Invent Analytics,1090
"Foot Locker, Inc.",1091
Information Consulting Services of Delaware Valley,1092
IQVIA,1093
Clutch,1094
Building Service 32 BJ Funds,1095
Wells Fargo,1096
INTERDIGITAL COMM CORP,1097
Choosito,1098
"Canopy One Solutions, Inc.",1099
Biz2Credit Inc,1100
Penn Interactive Ventures - Philadelphia,1101
SAM Labs,1102
The GBS Group,1103
Global Data Management Inc.,1104
KKI Capital,1105
Gryphon Technologies,1106
CSL Behring,1107
DuPont,1108
Vanguard,1109
ANB Sourcing LLC,1110
Johnson & Johnson Family of Companies,1111
Association of Universities for Research in Astron...,1112
Space Telescope Science Institute,1113
Gallup,1114
"Data-Core System, Inc.",1115
"National Real Estate Development, LLC",1116
CLEAR - Corporate,1117
Eurofins USA BioPharma Services,1118
Insider Inc,1119
Spot.IM,1120
Medidata Solutions,1121
HSN,1122
Mariner Finance,1123
Evolve Vacation Rental,1124
LogistiCare,1125
VF Corporation,1126
Frontdoor,1127
Decentrix,1128
Pearson,1129
LinQuest Corporation,1130
The Trade Desk,1131
GutCheck,1132
"Boulder County, CO",1133
Ball Aerospace,1134
ICR,1135
CACI,1136
Ometrics,1137
Wipro Limited,1138
JBS USA Food Company,1139
Twilio,1140
SolSpec,1141
Honeywell,1142
WEST Inc,1143
Deloitte,1144
Seagate Technology,1145
National Renewable Energy Laboratory,1146
NTT DATA Services,1147
Jacobs,1148
Telligen,1149
Unsupervised,1150
DeNOVO Solutions,1151
E source,1152
Arrow Electronics,1153
Spectrum,1154
Laramie County Community College,1155
University of Colorado Boulder,1156
TuSimple,1157
BlackHorse Solutions Inc,1158
CoreSite,1159
Pfizer,1160
Hulu,1161
Aspiration Partners,1162
West Coast University,1163
Ipsos North America,1164
Anchor Loans LP,1165
American Career College,1166
Intelliloan,1167
"Icon Media Direct, Inc.",1168
Steady,1169
Gustaine,1170
Hyundai-Aptiv Autonomous Driving Joint Venture,1171
Areté,1172
ICW Group,1173
Honey,1174
HG Insights,1175
Warner Bros. Entertainment Group,1176
D Cube Analytics,1177
Signal Sciences,1178
Veritone,1179
"Allscripts Healthcare, LLC",1180
ReleasePoint,1181
RAND Corporation,1182
Steady Platform,1183
Realty Income Corporation,1184
IPG360,1185
FrescoData,1186
"ESRI, Inc.",1187
Zeevo Group,1188
AT&T,1189
Fox Corporation,1190
Hyperloop Transportation Technologies,1191
ITTIA,1192
Screen Actors Guild- Producers Pension & Health Pl...,1193
The Aerospace Corporation,1194
City of Hope,1195
Pro Lancer,1196
Savantis Solutions LLC,1197
"Samsung Semiconductor, Inc.",1198
Vans,1199
Rockstar Games,1200
Sunwest Bank,1201
ArchieMD,1202
ThreeBridge Solutions,1203
UCB S.A.,1204
Cox Automotive,1205
Quest America,1206
Opendoor,1207
KARNA,1208
"Reddaiah, Inc",1209
Enhance IT,1210
NCR,1211
"Rollins, Inc.",1212
Manhattan Associates,1213
Guidehouse,1214
Macy's,1215
RELX Group,1216
Brielle Technologies,1217
"RELI Group, Inc.",1218
Porsche Financial Services Inc.,1219
Mather Economics,1220
North Highland,1221
ASRT Inc.,1222
SunTrust,1223
Aflac,1224
KATMAI,1225
"Oncology Analytics, Inc.",1226
Life Time,1227
Tarkett,1228
Alight,1229
PowerTeamServices,1230
AGCO,1231
Change Healthcare,1232
Georgia Tech Research Institute,1233
"IHRC, Inc.",1234
Nam Technologies,1235
"DecisionIQ, Inc.",1236
Xen.ai,1237
OnScale,1238
Keysight Technologies,1239
BrightPoint Solutions,1240
Alagar,1241
Brinks Home Security,1242
Lennox International,1243
"Onica, a Rackspace Company",1244
GTA,1245
Vinli,1246
HMS,1247
Copart,1248
Plasma Computing Group,1249
JPS Health Network,1250
Peoplevisor LLC,1251
Ziosk,1252
BAE Systems,1253
Frontier Communications,1254
DJO Global,1255
Capital One - US,1256
eGlobalTech,1257
GM Financial,1258
Humana,1259
OneMain Financial,1260
"DeWolff, Boberg & Associates",1261
DTCC,1262
Thompson Gray Inc.,1263
Toyota Connected,1264
Texas Capital Bank,1265
Sally Holdings LLC,1266
"Center for Autism and Behavioral Disorders, LLC",1267
Twenty20 Solutions,1268
Omnitracs,1269
Hewlett Packard Enterprise,1270
"7-Eleven, Inc.",1271
SYNITI,1272
Cook Children's Health Care System,1273
"Dagostino Electronic Services, Inc.",1274
Davey Tree,1275
Westinghouse Electric Company,1276
"Lucas Systems, Inc.",1277
International Services Management,1278
Careers | West Virginia University,1279
"Great Lakes Cheese, Inc.",1280
Immunetrics,1281
Noblis,1282
Software Engineering Institute,1283
Duolingo,1284
The J. M. Smucker Company,1285
Argo AI,1286
Management Science Associates Inc.,1287
F.N.B. Corp.,1288
Qeexo,1289
Aurora,1290
IBSS,1291
Stratagen,1292
Petuum,1293
Soaren Management,1294
Town of Gilbert,1295
Youth Power Technosoft LLC,1296
Sciata,1297
Impetus Technologies,1298
PetSmart,1299
Shutterfly,1300
Freestar,1301
AWD Industries,1302
AdviNow Medical,1303
BlueOptima,1304
Modulus,1305
Mosaic Financial Associates,1306
Intel,1307
Health Current,1308
St Josephs Hospital and Medical Center,1309
Allstate,1310
thredUP Inc,1311
Technologent,1312
"RiceTec, Inc.",1313
Aramco Services Company,1314
Halliburton,1315
BDO,1316
Techwave Consulting Inc.,1317
SelectMinds,1318
Galveston Islanders,1319
Baker Hughes,1320
Citgo Petroleum Corporation,1321
aramcoservices,1322
Kinder Morgan,1323
Houston Methodist,1324
Lyondell Chemical Company,1325
Invesco,1326
Foxconn,1327
Tachyus,1328
Crown Castle,1329
"Accredo Packaging, Inc.",1330
University of Houston,1331
StataCorp,1332
Texana Center,1333
Sense Corp,1334
Ayata,1335
Quirch Foods,1336
Mixed In Key,1337
CIITS,1338
Amerant Bank,1339
Naztec International Group LLC,1340
Pandera Systems,1341
Viramar Worldwide,1342
ADMA Biologics,1343
SHL Group,1344
Gonza Group,1345
NextEra Energy,1346
"TRIAEM, LLC",1347
Cloudflare,1348
Sasquatch Talent,1349
FEDDATA,1350
ARDOR IT SOLUTIONS,1351
Lightspeed Systems,1352
"iHeartMedia, Inc.",1353
Cerebri AI,1354
Alaka`ina Foundation Family of Companies,1355
Texas Farm Bureau Casualty Insurance Company,1356
Natera,1357
Hotels.com,1358
Bridgefront Capital,1359
B E A T LLC,1360
DRW Trading Group,1361
One Model,1362
Valkyrie Intelligence,1363
"Koniag, Inc.",1364
CognitiveScale,1365
Employees Retirement System of Texas,1366
Nomi Health,1367
Iodine Software,1368
Knowesis Inc.,1369
"IPSecure, Inc.",1370
Convene Technologies,1371
Enview,1372
SWBC,1373
SailPoint,1374
Petco,1375
SAIC,1376
Granify,1377
ConMet,1378
"DAT Solutions, LLC",1379
Mars Petcare,1380
Kinsa Inc.,1381
"Cambia Health Solutions, Inc.",1382
Squarespace,1383
Peopleforce INC,1384
Eduworks Corporation,1385
"Vervent, Inc",1386
Kinship,1387
Oregon Health & Science University,1388
BlackBerry,1389
"The Cadmus Group, Inc.",1390
BigML,1391
Global Fishing Watch,1392
Stitch Fix Annex,1393
Stitch Fix,1394
0x,1395
Blue Owl,1396
SentiLink,1397
Pacific Data Integrators,1398
"Take-Two Interactive Software, Inc.",1399
Y Combinator,1400
PACT Pharma,1401
Notion,1402
Kite Delivery Services,1403
Hive,1404
ThirdLove,1405
John Deere,1406
Yochana IT inc,1407
Duetto Research,1408
"Grammarly, Inc.",1409
Gap Inc.,1410
Brightidea,1411
Geli,1412
CircleUp,1413
Asana,1414
Sony Interactive Entertainment PlayStation,1415
Netflix,1416
Pinterest,1417
Clever,1418
DiDi Labs,1419
Datatron Technologies,1420
Twitter,1421
University of California Berkeley,1422
Verb Surgical,1423
AutoGrid Systems,1424
Formation,1425
Specific Diagnostics,1426
Sift,1427
AI Factory,1428
Lawrence Berkeley National Laboratory,1429
Step Mobile,1430
Smiths-Digital Forge,1431
Wilbur Labs,1432
Bond Financial Technologies,1433
DocuSign,1434
Bytedance,1435
Capio Group,1436
Proofpoint,1437
Jabil Circuit,1438
