Asking_Price,Street,City
349900.0,2537 Paul Ave NW, Atlanta
199000.0,1391 Audubon Ct SW LOT 8, Atlanta
734500.0,495 Harold Ave NE, Atlanta
174000.0,541 Springside Dr SE, Atlanta
162500.0,1429 Hawkins St NW, Atlanta
399900.0,2012 Shirley St SW, Atlanta
274500.0,3445 Stratford Rd NE APT 1805, Atlanta
175000.0,2855 Peachtree Rd NE APT 213, Atlanta
586900.0,1976 Westside Blvd, Atlanta
1350000.0,471 Pine Tree Dr NE, Atlanta
265000.0,1735 Peachtree St NE UNIT 404, Atlanta
170000.0,3655 Habersham Rd NE APT B347, Atlanta
300000.0,1053 Astor Ave SW, Atlanta
215000.0,284 Morris Brown Ave NW, Atlanta
175000.0,183 Amherst Pl NW, Atlanta
758000.0,1051 Monroe Dr NE, Atlanta
325000.0,1735 Peachtree St NE UNIT 224, Atlanta
274900.0,635 Myrtle St NE APT 11, Atlanta
1375000.0,3799 Northside Dr NW, Atlanta
695000.0,603 Howard St, Atlanta
129900.0,78 Delmoor Dr NW, Atlanta
289900.0,44 Peachtree Pl NW UNIT 528, Atlanta
300000.0,1830 Flat Shoals Rd SE, Atlanta
252500.0,23108 Plantation Dr #108, Atlanta
1895000.0,727 Courtenay Dr NE, Atlanta
132000.0,32 Peachtree St NW APT 401, Atlanta
479900.0,3324 Peachtree Rd NE UNIT 2805, Atlanta
675000.0,3033 Stone Gate Dr NE, Atlanta
310000.0,860 Peachtree St NE UNIT 2707, Atlanta
1895000.0,1026 Robin Ln NE, Atlanta
249000.0,955 Juniper St NE, Atlanta
238900.0,6524 Mountain Home Way, Mableton
226900.0,6528 Mountain Home Way, Mableton
238900.0,6548 Mountain Home Way, Mableton
178900.0,2700 Pine Tree Rd NE UNIT 2216, Atlanta
1450000.0,1363 Peachtree Battle Ave NW, Atlanta
574900.0,836 Canterbury Overlook, Atlanta
1150000.0,4633 Far West Blvd APT 3, Austin
350000.0,87 Navasota St, Austin
299999.0,1100 Hatteras Dr, Austin
1010630.0,16312 Donoher Dr, Austin
580000.0,2705 White Horse Trl, Austin
369000.0,8410 Spring Valley Dr, Austin
675000.0,1126 Linden St #1, Austin
448000.0,2804 S 1st St #1109, Austin
284500.0,8512 Palace Pkwy, Austin
739990.0,2716 Bear Springs Trl, Austin
539900.0,7417 Cordoba Dr, Austin
325000.0,908 Poplar St APT 309, Austin
849000.0,1506 Weyford Dr, Austin
349900.0,7405 Whispering Oaks Dr, Austin
479900.0,7601 Cooper Ln #29, Austin
305300.0,11707 Raymond C Ewry Ln, Austin
380000.0,4401 Keota Dr, Austin
989000.0,4307 Cat Mountain Dr, Austin
529000.0,1801 Duke Ave, Austin
139900.0,1705 Crossing Pl APT 132, Austin
619900.0,9903 Brandywine Cir, Austin
819000.0,2321 University Club Dr, Austin
339000.0,12612 Linford Dr, Austin
294900.0,4361 S Congress Ave UNIT 213, Austin
275000.0,1509 Airedale Rd #1302, Austin
303500.0,10109 Alley May Dr, Austin
1350000.0,4511 Avenue F, Austin
350000.0,1185 Greenwood Ave, Austin
749900.0,9206 Spring Hollow Dr, Austin
315000.0,2014 Magazine St, Austin
592000.0,3401 Kay St, Austin
530000.0,606 W Lynn St APT 2, Austin
215000.0,9226 Jollyville Rd APT 182, Austin
695000.0,9312 Rolling Oaks Trl, Austin
1350000.0,2714 Hillview Green Ln, Austin
750000.0,200 W Gibson St, Austin
405000.0,3007 E 12th St #C, Austin
489000.0,2601 N Quinlan Park Rd SUITE 303, Austin
349900.0,2830 W Barry Ave, Chicago
424995.0,3868 N Milwaukee Ct, Chicago
49900.0,7128 S Seeley Ave, Chicago
119000.0,6833 N Kedzie Ave APT 1405, Chicago
275000.0,5 N Wabash Ave APT 1504, Chicago
515000.0,405 N Wabash Ave UNIT 4410, Chicago
359999.0,3518 N Rutherford Ave, Chicago
435000.0,7358 W Rascher Ave, Chicago
157000.0,4314 W 14th St, Chicago
265000.0,210 S Desplaines St APT 1806, Chicago
485000.0,2323 S Seeley Ave, Chicago
599000.0,3310 N Damen Ave #1, Chicago
550000.0,1239 N Maplewood Ave #1, Chicago
179800.0,4753 N Magnolia Ave #1, Chicago
469900.0,2715 N Lawndale Ave, Chicago
35000.0,8725 S Emerald Ave, Chicago
489000.0,1344 N Monticello Ave, Chicago
450000.0,6101 N Sheridan Rd E #31B, Chicago
235000.0,3012 E 81st St, Chicago
209000.0,3785 W Columbus Ave UNIT 2, Chicago
219999.0,5300 N Kedzie Ave APT 1, Chicago
525000.0,2858 N Milwaukee Ave #1, Chicago
60539.0,8274 S Anthony Ave, Chicago
309000.0,195 N Harbor Dr APT 4907, Chicago
4500.0,7709 S Green St, Chicago
122500.0,(undisclosed Address), Chicago
899000.0,1931 N Central Park Ave, Chicago
368800.0,3339 W Irving Park Rd UNIT 5W, Chicago
899000.0,2838 W Eastwood Ave, Chicago
455000.0,912 W Chicago Ave #204, Chicago
69900.0,5921 S Morgan St, Chicago
549900.0,5230 S Cornell Ave APT E, Chicago
299000.0,6946 W 64th Pl, Chicago
505900.0,2335 W Chicago Ave #2R, Chicago
425000.0,4016 N California Ave #3, Chicago
649000.0,3850 N Lowell Ave, Chicago
114900.0,6634 S Oakley Ave, Chicago
129000.0,6745 S Campbell Ave, Chicago
310000.0,5908 W Warwick Ave, Chicago
399900.0,40 E Delaware Pl APT 1603, Chicago
375000.0,3217 Darvany Dr, Dallas
150000.0,5302 Bexar St, Dallas
809999.0,18709 Campbell Rd, Dallas
549000.0,6161 Glennox Ln, Dallas
380000.0,4335 Vandelia St, Dallas
217500.0,2366 Ballycastle Dr, Dallas
225000.0,2620 Province Ln, Dallas
95000.0,6646 E Lovers Ln #1808, Dallas
239000.0,2936 Harbinger Ln, Dallas
2595000.0,1 Lakeside Park, Dallas
1075000.0,6506 Prestonshire Ln, Dallas
206000.0,3106 Crest Ridge Dr, Dallas
194900.0,7107 Elderberry Ln, Dallas
529000.0,5821 Goliad Ave, Dallas
225000.0,7308 Little Canyon Rd, Dallas
349900.0,13090 Meandering Way, Dallas
165000.0,10530 Stone Canyon Rd APT 107, Dallas
1400000.0,4200 Shorecrest Dr LOT 14, Dallas
397000.0,6740 Hunters Ridge Dr, Dallas
135000.0,6821 Latta Pkwy, Dallas
995000.0,8625 La Prada Dr, Dallas
174900.0,8553 Bearden Ln, Dallas
214000.0,2739 Locust Ave, Dallas
539000.0,4219 Somerville Ave, Dallas
499000.0,3246 N Haskell Ave, Dallas
365000.0,3828 San Jacinto St, Dallas
875000.0,6031 Velasco Ave, Dallas
240000.0,4535 Weldon St LOT 11, Dallas
45000.0,509 Parkwood Dr, Dallas
895000.0,6330 Llano Ave, Dallas
154900.0,4337 Kolloch Dr, Dallas
259900.0,4418 Bowser Ave APT 104, Dallas
377990.0,5964 Fox Hill Ln, Dallas
2699999.0,6814 Northport Dr, Dallas
985000.0,8718 Rexford Dr, Dallas
799000.0,701 S Clinton Ave, Dallas
289000.0,3454 Borger St, Dallas
375000.0,10127 Cimmaron Trl, Dallas
480000.0,7503 Aberdon Rd, Dallas
895000.0,3444 Navajo St #10, Denver
329000.0,9300 E Florida Ave UNIT 1004, Denver
995000.0,4715 N Vallejo St, Denver
2600000.0,550 Fillmore St, Denver
599000.0,3201 Olive St, Denver
650000.0,4431 N Tennyson St UNIT 5, Denver
675000.0,4431 N Tennyson St UNIT 1, Denver
662000.0,4431 N Tennyson St UNIT 12, Denver
650000.0,4431 N Tennyson St UNIT 4, Denver
657000.0,4431 N Tennyson St UNIT 8, Denver
1100000.0,4636 Bryant St, Denver
471200.0,5179 N Eliot St, Denver
499000.0,1344 Winona Ct, Denver
310000.0,615 Perry St, Denver
339900.0,1725 Yosemite St, Denver
527500.0,410 Acoma St UNIT 512, Denver
279900.0,677 Vrain St APT 10, Denver
799000.0,3529 Quivas St, Denver
439000.0,350 Detroit St APT 309, Denver
828135.0,6808 E Lowry Blvd, Denver
300000.0,3810 S Yosemite St, Denver
499500.0,350 Detroit St APT 408, Denver
449000.0,1015 E 23rd Ave, Denver
560000.0,2940 S Vine St, Denver
475000.0,400 E 3rd Ave APT 304, Denver
10987000.0,460 Saint Paul St, Denver
575000.0,8246 E Lehigh Ave, Denver
444000.0,412 Raleigh St, Denver
355000.0,8200 E 8th Ave #101, Denver
360000.0,3317 Blake St SUITE 103, Denver
550000.0,2895 Dexter St, Denver
829000.0,1004 S Pennsylvania St, Denver
1050000.0,3222 W 16th Ave, Denver
800000.0,217 W 1st Ave, Denver
289000.0,100 Park Ave W APT 306, Denver
390000.0,4024 Milwaukee St, Denver
370000.0,14566 Andrews Dr, Denver
514999.0,7102 E Wesley Ave, Denver
2895000.0,3479 E Kentucky Ave, Denver
223000.0,7 Versante Ct #7, Houston
357000.0,1230 Sienna Hill Dr, Houston
399000.0,5239 Kiam St, Houston
149500.0,8210 Orebo St, Houston
319000.0,73 Champion Villa Dr, Houston
745000.0,3925 Case St, Houston
679900.0,13602 Ashley Run, Houston
170000.0,634 Rockbrook Dr, Houston
236000.0,11818 Red Hummingbird Dr, Houston
250000.0,1413 Palmer St, Houston
85000.0,1106 Elberta St, Houston
199900.0,6042 Hyacinth Path Way, Houston
3575000.0,255 Hedwig Rd, Houston
177900.0,2255 Braeswood Park Dr APT 271, Houston
234989.0,6011 Rockfowl Dr, Houston
285000.0,14018 Sandalfoot St, Houston
399900.0,44 N Hutcheson St, Houston
165000.0,3131 Southwest Fwy APT 20, Houston
359900.0,15950 Manor Square Dr, Houston
142000.0,8747 Thistlemoor Ln, Houston
180000.0,10210 Saddlehorn Trl, Houston
210000.0,1850 Portsmouth St APT A, Houston
329000.0,13722 Pear Woods Ct, Houston
229000.0,2007 Marchwood Manor Dr, Houston
230000.0,10006 Autumn Way Dr, Houston
209100.0,4402 Rushing Ridge Ct, Houston
160000.0,12010 Becca Crossing Way, Houston
219500.0,9518 Skyline Dr, Houston
407506.0,5350 Paisley St, Houston
209900.0,12823 Pecan Shores Dr, Houston
309500.0,2315 Parkdale Dr, Humble
112000.0,3100 Jeanetta St APT 1102, Houston
599900.0,5917 E Post Oak Ln, Houston
219900.0,1145 Country Place Dr, Houston
130000.0,9025 Gaylord Dr N #111, Houston
245000.0,6846 Oakwood Trace Ct, Houston
825000.0,1600 Post Oak Blvd UNIT 802, Houston
350000.0,1311 Sherwood Springs Ln, Houston
995000.0,302 W 17th St, Houston
56950.0,8726 Scott St, Houston
729000.0,1050 W 8th St, Los Angeles
739000.0,10300 Jimenez St, Sylmar
875000.0,5914 Jumilla Ave, Woodland Hills
959000.0,21412 Dumetz Rd, Woodland Hills
845000.0,17434 Mayall St, Northridge
545000.0,331 W 10th St, San Pedro
2695000.0,2931 Mandeville Canyon Rd, Los Angeles
590000.0,15240 1/2 Dickens St, Los Angeles
649000.0,21821 Burbank Blvd UNIT 159, Los Angeles
649900.0,15843 San Fernando Mission Blvd, Granada Hills
999000.0,1430 S Beverly Glen Blvd APT 304, Los Angeles
1499900.0,6030 S Seabluff Dr APT 119, Playa Vista
605000.0,11670 W Sunset Blvd APT 217, Los Angeles
965000.0,5924 Crocker St, Los Angeles
569000.0,738 S Los Angeles St APT 406, Los Angeles
699000.0,4836 Balboa Ave UNIT A, Los Angeles
3200000.0,21610 Medina Estates Dr, Woodland Hills
1695000.0,6009 Oakdale Ave, Woodland Hills
395000.0,19545 Sherman Way UNIT 70, Los Angeles
399950.0,13986 Aztec St, Sylmar
200000.0,4291 Scandia Way, Los Angeles
1550000.0,837 W 43rd Pl, Los Angeles
540000.0,14050 Magnolia Blvd APT 107, Los Angeles
1649000.0,8933 David Ave, Los Angeles
1079000.0,2404 S Carolina St, San Pedro
750000.0,2027 W 31st St, Los Angeles
389000.0,308 S Cabrillo Ave APT 3, Los Angeles
919000.0,6632 Burnet Ave, Van Nuys
1473836.0,20618 W Wood Rose Ct, Porter Ranch
1795000.0,24707 Wooded Vis, West Hills
949950.0,16010 Wyandotte St, Van Nuys
610000.0,7543 Donna Ave, Reseda
499900.0,11027 Cohasset St, Sun Valley
684000.0,19524 Mobile St, Reseda
5025.0,4055 S Redwood Ave SUITE 458, Marina Del Rey
1249000.0,3970 Cherrywood Ave, Los Angeles
624900.0,13755 Filmore St, Pacoima
1588433.0,20265 W Windsor Ln, Porter Ranch
939000.0,7738 Quimby Ave, Canoga Park
2249000.0,8855 Skyline Dr, Los Angeles
465000.0,335 S Biscayne Blvd APT 1601, Miami
220000.0,1200 Brickell Bay Dr APT 2410, Miami
3400000.0,1331 Brickell Bay Dr APT 3611, Miami
428000.0,5729 NW 5th Ct, Miami
190000.0,2575 SW 27th Ave APT 212, Miami
420000.0,3890 NW 2nd Ter, Miami
490000.0,591 SW 45th Ave, Coral Gables
359900.0,770 Claughton Island Dr APT 1003, Miami
439900.0,1860 Coral Gate Dr, Miami
1487000.0,1010 Brickell Ave UNIT 4401, Miami
489000.0,3350 SW 27th Ave APT 1708, Miami
379900.0,2227 SW 24th Ter, Miami
350000.0,1143 NW 58th St, Miami
710000.0,975 SW 10th St, Miami
499000.0,143 NW 39th St, Miami
330000.0,185 SE 14th Ter APT 908, Miami
745000.0,801 S Miami Ave UNIT 4310, Miami
4795000.0,4131 SW 37th Ave, Miami
499000.0,1900 N Bayshore Dr APT 1404, Miami
259000.0,3470 E Coast Ave APT H0906, Miami
517000.0,950 Brickell Bay Dr, Miami
465000.0,2347 SW 18th St, Miami
34000000.0,1429 N Venetian Way, Miami Beach
489900.0,246-248 NW 41st Ave, Miami
325000.0,6700 NW 3rd Ave, Miami
4400000.0,3581 E Glencoe St #505, Miami
2200000.0,7500 SW 55th Ave, Miami
1385000.0,769 NE 77th Ter, Miami
589000.0,2725 SW 65th Ave, Miami
295000.0,60 SW 13th St APT 2003, Miami
395000.0,2525 SW 3rd Ave APT 1206, Miami
784000.0,68 SE 6th St APT 907, Miami
1145000.0,650 NE 32nd St UNIT 2601, Miami
250000.0,50 Biscayne Blvd APT 603, Miami
275000.0,1750 N Bayshore Dr APT 4509, Miami
1399000.0,8641 Arboretum Ln, Miami
550000.0,2980 SW 16th Ter, Miami
485000.0,901 Brickell Key Blvd APT 1602, Miami
2999999.0,568 Hibiscus Ln, Miami
350000.0,17-44 166th St, Whitestone
324900.0,448 Neptune Ave APT 18A, Brooklyn
380000.0,637 41st St APT 2D, Brooklyn
340000.0,21-68 35th St #3F, Astoria
1799000.0,18-13 26th Ave #1, Astoria
210000.0,255 Fieldston Ter APT 4E, Bronx
228000.0,19958 21st Ave #1-166, Whitestone
388000.0,9952 66th Rd APT 9D, Rego Park
449000.0,3165 Emmons Ave APT 1E, Brooklyn
669000.0,1973 E 33rd St, Brooklyn
1750000.0,129 Tiffany Pl #A, Brooklyn
1499000.0,433 Beach 143 St, Rockaway Park
695000.0,249 Eldridge St APT 19, New York
725000.0,314 W 19th St APT 4A, New York
450000.0,14 Orchard St APT 4G, New York
276400.0,70 Selvin Loop #1, Staten Island
765000.0,3425 Olinville Ave, Bronx
665850.0,8081 88th Ave, Jamaica
849850.0,1181 E 84th St, Brooklyn
899900.0,104-09 Martense Ave, Corona
1200000.0,246-11 52nd Ave, Little Neck
665000.0,1912 Avenue H #4H, Brooklyn
1625000.0,120 E 75th St #7A, New York
875000.0,305 E 24th St APT 11B, New York
300000.0,54-17 31st Ave #A2O, Woodside
563500.0,3424 Tiemann Ave, Bronx
448500.0,2666 Briggs Ave, Bronx
4370000.0,25 Central Park W APT 16I, New York
435000.0,210 E 21st St APT 4D, New York
415000.0,61-35 98th St #7H, Rego Park
829000.0,2 Tudor City Pl APT 4JS, New York
2550000.0,200 Chambers St APT 16B, New York
569000.0,12202 Linden Blvd, South Ozone Park
584200.0,10242 188th St, Jamaica
572700.0,16 W 11th Rd, Broad Channel
517500.0,74 Dubois Ave, Staten Island
429000.0,103-06 Rockaway Beach Blvd #1A, Rockaway Park
330000.0,29 Eleanor Pl, Staten Island
1348888.0,8770 25th Ave, Brooklyn
836000.0,182 Olympia Blvd, Staten Island
474900.0,2935 W Master St, Philadelphia
219000.0,1200 Stirling St, Philadelphia
305000.0,11910 Barlow St, Philadelphia
229900.0,3148 Cottman Ave, Philadelphia
479900.0,3734 Brandywine St, Philadelphia
189900.0,7051 Charles St, Philadelphia
275000.0,821 Stanwood St, Philadelphia
99950.0,244 Laveer St, Philadelphia
329900.0,9258 Annapolis Rd, Philadelphia
59999.0,3151 G St #G, Philadelphia
479000.0,1113 S 7th St, Philadelphia
267000.0,7936 Langdon St, Philadelphia
389900.0,1223 N 5th St #1, Philadelphia
825000.0,224-30 W Rittenhouse St #606, Philadelphia
150000.0,6027 Hegerman St, Philadelphia
150000.0,1766 N Aberdeen St, Philadelphia
450000.0,720 Grakyn Ln, Philadelphia
252000.0,2649 Braddock St, Philadelphia
489000.0,551 Dupont St, Philadelphia
489000.0,553 Dupont St, Philadelphia
75000.0,2321 N Lambert St, Philadelphia
340000.0,11981 Dumont Rd, Philadelphia
264900.0,5409 Vicaris St, Philadelphia
365500.0,1126 Linn St, Philadelphia
84900.0,2707 W Westmoreland St, Philadelphia
299900.0,2870 Walnut Hill St, Philadelphia
545000.0,908-10 Spruce St APT 4, Philadelphia
59999.0,3151 G St, Philadelphia
175900.0,6024 Frontenac St, Philadelphia
749000.0,1327 S Hancock St, Philadelphia
165000.0,612 Lindley Ave, Philadelphia
70000.0,1669 Orthodox St, Philadelphia
429000.0,2212 E Gordon St, Philadelphia
339000.0,2321 Solly Ave, Philadelphia
70000.0,1667 Orthodox St, Philadelphia
385000.0,1810 Rittenhouse Sq APT 608, Philadelphia
154900.0,6221 N Palethorp St, Philadelphia
70000.0,1665 Orthodox St, Philadelphia
239900.0,2737 Maxwell St, Philadelphia
245000.0,1537 Stoney Ln #B, Philadelphia
799000.0,5343 E Avalon Dr, Phoenix
219000.0,4502 W Continental Dr, Glendale
449000.0,1921 E Daley Ln, Phoenix
385000.0,4609 E Robert E Lee St, Phoenix
624995.0,1002 W Glenn Dr, Phoenix
659900.0,2158 E Sapium Way, Phoenix
465000.0,16638 S 38th Way, Phoenix
270000.0,2046 W Sherman St, Phoenix
390000.0,10612 N 27th St, Phoenix
1095000.0,15215 N Kierland Blvd UNIT 432, Scottsdale
675000.0,16218 N 51st St, Scottsdale
365000.0,1117 E Fillmore St, Phoenix
245000.0,7044 S 16th Dr, Phoenix
475000.0,16330 N 2nd Ave, Phoenix
599000.0,9626 N 33rd St, Phoenix
700000.0,22831 N 39th Ter, Phoenix
214900.0,4050 W Rovey Ave, Phoenix
425000.0,4624 E Saint John Rd, Phoenix
415000.0,3308 W Florimond Rd, Phoenix
80000.0,16242 N 27th St, Phoenix
269500.0,475 N 9th St #307, Phoenix
699800.0,16013 N 58th Pl, Scottsdale
204500.0,475 N 9th St #102, Phoenix
215000.0,3852 N 63rd Dr, Phoenix
249900.0,4850 E Desert Cove Ave UNIT 241, Scottsdale
220000.0,5313 W Raymond St, Phoenix
495000.0,15221 N Clubgate Dr UNIT 2001, Scottsdale
504900.0,15221 N Clubgate Dr UNIT 2031, Scottsdale
264777.0,4037 W San Juan Ave, Phoenix
1095000.0,4215 E Weldon Ave, Phoenix
237000.0,3625 W Saint Charles Ave, Phoenix
204900.0,8230 W Cheery Lynn Rd, Phoenix
685000.0,2347 W Coolidge St, Phoenix
200000.0,3532 W Banff Ln, Phoenix
995000.0,5130 N 22nd Ave, Phoenix
480000.0,5525 N 2nd Pl LOT 4, Phoenix
230000.0,801 W Piedmont Rd, Phoenix
280000.0,10120 W Raymond St, Tolleson
359900.0,14239 N 22nd St, Phoenix
330000.0,1622 E Cheery Lynn Rd, Phoenix
249900.0,90 Mount Lebanon Blvd, Pittsburgh
334900.0,416 Hickory Ct, Pittsburgh
269900.0,4587 Clubvue Dr, Pittsburgh
269900.0,4587-1110 Greentree Rd, Pittsburgh
449000.0,519 Farndale Rd, Pittsburgh
234000.0,130 Link Ave, Pittsburgh
429000.0,31 Mission Dr, Pittsburgh
115000.0,88 Beltzhoover Ave, Pittsburgh
664900.0,820 College Ave, Pittsburgh
139000.0,128 Williams Pl, Pittsburgh
598000.0,2343 Morton Rd, Pittsburgh
319900.0,915 Wettach St, Pittsburgh
299949.0,569 Kelso Rd, Pittsburgh
69900.0,1431 Adams St, Pittsburgh
345000.0,1212 Sky Ridge Dr, Pittsburgh
2650000.0,1 Edgewood Rd, Pittsburgh
199000.0,1967 W Beckert Ave, Pittsburgh
285000.0,517 Perrymont Rd, Pittsburgh
319900.0,533 Moreland Dr, Pittsburgh
27000.0,3919 Portman Ave, Pittsburgh
25000.0,424 Saint Joseph St, Pittsburgh
138000.0,4575 Echo Glen Dr, Pittsburgh
75000.0,1516 Loretta Dr, Pittsburgh
429000.0,464 Arden Rd, Pittsburgh
279900.0,2320 Eldridge St, Pittsburgh
114700.0,761 Lee Avenue Ext, Pittsburgh
195000.0,4723 Theodore St, Homestead
229000.0,132 Brunner Dr, Pittsburgh
85000.0,420 N Chestnut St APT 103, Pittsburgh
284000.0,184 Martha Ave, Pittsburgh
235000.0,1 Trimont Ln APT 202P, Pittsburgh
285000.0,186 S 16th St, Pittsburgh
269900.0,5605 Villahaven Dr, Pittsburgh
219000.0,10 Chestnut St, Pittsburgh
325000.0,104 Seddon Rd, Pittsburgh
1250000.0,692 Country Club Dr, Pittsburgh
649000.0,28 Easton Rd, Pittsburgh
178500.0,2216 Palm Beach Ave, Pittsburgh
369900.0,2344 Norton Rd, Pittsburgh
235500.0,5 Bayard Rd APT 819, Pittsburgh
479900.0,6690 SE 67th Ave, Portland
779000.0,4224 SW Condor Ave, Portland
369900.0,5286 NE 72nd Ave, Portland
399900.0,4024 N Commercial Ave, Portland
485000.0,3505 SE 16th Ave, Portland
485000.0,4104 NE 73rd Ave, Portland
675000.0,14585 NW Larson Rd UNIT 5, Portland
749900.0,2565 NE 33rd Ave, Portland
590000.0,2309 SW 1st Ave APT 942, Portland
365000.0,6024 SE 89th Ave, Portland
399900.0,14641 NE Russell Ct, Portland
649000.0,17010 NW Tristan St, Portland
1625000.0,3401 NE Couch St, Portland
950000.0,13929 NW Glendoveer Dr, Portland
780000.0,1420 NW Lovejoy St APT 714, Portland
599000.0,410 NE 71st Ave, Portland
965000.0,1368 SW 58th Ave, Portland
758000.0,10333 SW Terwilliger Pl, Portland
474750.0,3909 SE Bybee Blvd, Portland
849900.0,681 NW 94th Ter, Portland
399000.0,5946 SE Kelly St, Portland
650000.0,3100 NW Wilson St, Portland
189000.0,6220 SW Capitol Hwy APT 7, Portland
465000.0,5504 SW Seymour Ct, Portland
330000.0,6816 SE 86th Ave, Portland
650000.0,5254 N Princeton St, Portland
485000.0,2824 SE Division St, Portland
254950.0,14925 NE Sacramento St UNIT 20, Portland
419950.0,6942 SE 112th Ave, Portland
319900.0,610 SW Nevada St APT F, Portland
235000.0,908 SW Gaines St APT 19, Portland
895000.0,107 SW Kingston Ave, Portland
550000.0,4233 SE Lexington St, Portland
249900.0,4411 NE Killingsworth St UNIT 208, Portland
1799900.0,1920 SW River Dr UNIT 1202, Portland
760000.0,4406 SE Belmont St, Portland
900000.0,4333 NE Brazee St, Portland
410000.0,17 NE Lombard St, Portland
637500.0,7205 SE 71st Ave, Portland
785000.0,6223 SE 31st Ave, Portland
800000.0,1511 E Marion St, Seattle
785000.0,3723 60th Ave SW, Seattle
525000.0,2911 2nd Ave UNIT 1017, Seattle
460000.0,159 Denny Way APT 210, Seattle
1249999.0,2631 W Boston St, Seattle
980000.0,1928 35th Ave W, Seattle
1350000.0,1018 W Garfield St, Seattle
535000.0,5016 California Ave SW APT 606, Seattle
749950.0,125 E Lynn St UNIT 103, Seattle
575000.0,7053 16th Ave SW, Seattle
525000.0,328 NW 79th St, Seattle
875000.0,11549 24th Ave NE, Seattle
380000.0,1221 Minor Ave APT 601, Seattle
799000.0,8132 5th Ave SW, Seattle
565000.0,2911 2nd Ave UNIT 304, Seattle
515000.0,2801 1st Ave APT 1102, Seattle
1099000.0,6518 1st Ave NW, Seattle
719950.0,2131 N 88th St, Seattle
290000.0,2334 NE 102nd St APT 203, Seattle
667000.0,1766 NW 59th St #B, Seattle
1899950.0,342 NW 89th St, Seattle
375000.0,3661 Phinney Ave N APT 106, Seattle
945000.0,1728 104th Ave NE, Seattle
889000.0,1106 NW 64th St, Seattle
2750000.0,1414 E Valley St, Seattle
874950.0,3104 14th Ave S, Seattle
795000.0,4710 48th Ave S, Seattle
1049950.0,588 Bell St #2802S, Seattle
900000.0,7541 Seward Park Ave S, Seattle
395000.0,2414 1st Ave APT 508, Seattle
799999.0,5725 38th Ave NE, Seattle
324950.0,408 Bellevue Ave E APT 305, Seattle
1375000.0,11023 23rd Ave NE, Seattle
975000.0,1634 N 53rd St, Seattle
819000.0,1808 Minor Ave #2407, Seattle
645000.0,1308 S College St, Seattle
399999.0,275 W Roy St APT 104, Seattle
425000.0,2415 2nd Ave APT 549, Seattle
825000.0,2112 14th Ave S, Seattle
639000.0,3047 NE 97th St, Seattle
2195000.0,450 Kansas St, San Francisco
1495000.0,815 Union St, San Francisco
1805000.0,280 Spear St UNIT 11A, San Francisco
1249000.0,631 Folsom St APT 11F, San Francisco
789000.0,226 27th St APT 10, San Francisco
2395000.0,1500 11th Ave, San Francisco
2150000.0,324 32nd Ave, San Francisco
2425000.0,145 Buchanan St, San Francisco
2199000.0,1390 41st Ave, San Francisco
1190000.0,134-150 Porter St, San Francisco
1750000.0,262 Funston Ave, San Francisco
1375000.0,398 Guerrero St #4, San Francisco
2950000.0,407 Missouri St, San Francisco
1798888.0,401 Harrison St APT 14C, San Francisco
950000.0,1488 Harrison St APT 203, San Francisco
1995000.0,2828 Wawona St, San Francisco
1500000.0,1732 Fell St, San Francisco
5600000.0,164 Belvedere St, San Francisco
1195000.0,130 Baden St, San Francisco
2995000.0,76 Divisadero St, San Francisco
995000.0,201-103 Harrison St, San Francisco
1025000.0,3301 Cesar Chavez #A, San Francisco
1095000.0,3305 Cesar Chavez St, San Francisco
1699000.0,875 Indiana St UNIT 515, San Francisco
2250000.0,480-482 Funston Ave, San Francisco
2395000.0,5 Dawson Pl, San Francisco
1700000.0,649 28th St, San Francisco
1529000.0,255 Berry St APT 519, San Francisco
4998000.0,2169 Folsom St APT M305, San Francisco
1199000.0,1278 Sacramento St, San Francisco
1995000.0,338 Main St UNIT 17A, San Francisco
749000.0,1 Edgar Pl, San Francisco
1495000.0,1904 Steiner St #C, San Francisco
878000.0,197-199 Joost Ave, San Francisco
1149000.0,401 Harrison St APT 24G, San Francisco
1895000.0,262 6th Ave, San Francisco
949000.0,1222 43rd Ave, San Francisco
1399000.0,10 S Park St APT 9, San Francisco
3750000.0,888 Waller St, San Francisco
409900.0,The Crawford Plan,The Maxwell
224900.0,1975 Nocturne Dr UNIT 2206,Alpharetta
319900.0,7210 Post Park Way,Cumming
755900.0,The Greenwood Plan,East of Main
615000.0,2560 Hamptons Run,Alpharetta
502900.0,The Bennett Plan,Central Park at Deerfield Township
646198.0,144 Britten Pass,Alpharetta
620000.0,420 Guardsman Ct,Alpharetta
374900.0,The Edgehill Plan,The Maxwell
1082000.0,Weatherford Plan,Shirley Estates
299000.0,200 Denna Dr,Alpharetta
774900.0,The Sterling Plan,East of Main
925000.0,1670 Eversedge Dr,Alpharetta
480900.0,The Wesley Plan,Central Park at Deerfield Township
1100000.0,West Main Plan E Plan,West Main Townhomes
364900.0,The Fortman Plan,The Maxwell
435000.0,11850 Dancliff Trce,Alpharetta
353890.0,6015 Stella Dr,Alpharetta
435000.0,300 Park Creek Dr,Alpharetta
449900.0,5560 Surrey Ct,Alpharetta
538900.0,360 Aylesworth Cv,Alpharetta
285000.0,10360 Ash Rill Dr,Alpharetta
413900.0,Hunter Plan,Artisan
650000.0,12900 Cogburn Overlook,Alpharetta
400000.0,10885 Pinewalk Forest Cir,Alpharetta
339000.0,2630 Highland Pass,Alpharetta
434900.0,EDISON Plan,Caravelle at Windward Park : Caravelle
400000.0,10885 Pinewalk Forest Cir #38,Alpharetta
1100000.0,Rosemoore Plan,Shirley Estates
400400.0,590 Duval Dr #0,Alpharetta
400400.0,570 Duval Dr #0,Alpharetta
398250.0,909 Catamaran Ct #0,Alpharetta
599460.0,290 Villa Magnolia Ln #0,Alpharetta
446405.0,720 Topsail Ln #0,Alpharetta
598720.0,340 Villa Magnolia Ln #0,Alpharetta
400250.0,585 Duval Dr #0,Alpharetta
426800.0,560 Duval Dr #0,Alpharetta
664205.0,330 Villa Magnolia Ln #0,Alpharetta
427100.0,600 Duval Dr #0,Alpharetta
420900.0,565 Duval Dr #0,Alpharetta
204990.0,Bellevue Plan,Stoney Ridge
750000.0,2710 W 49th St,Austin
439900.0,1417 Kramer Ln #22,Austin
449900.0,1417 Kramer Ln #24,Austin
497990.0,Plan 242 Plan,Parten 75ft. lots
429900.0,5608 Wolf Ct,Austin
380000.0,1110 Eleanor St,Austin
567990.0,Plan 224 Plan,Parten 85ft. lots
172500.0,908 Poplar St APT 105,Austin
1195000.0,Castleton B Plan,The Grove
310000.0,1741 Spyglass Dr #1-224,Austin
795000.0,6502 Shadow Valley Dr #A & B,Austin
260000.0,1106 Crown Oaks Dr,Austin
375000.0,9706 Tanglemede St,Austin
439000.0,10032 Valona Dr,Austin
312205.0,15111 Forum Ave,Pflugerville
899900.0,11012 Roy Butler Dr,Austin
788000.0,6708 Sangiacomo Cv,Austin
319000.0,12317 Emery Oaks Rd,Austin
297990.0,Lamar Plan,Vistas of Austin
423990.0,Maestro Plan,Park at 51 East
104995.0,13021 Dessau Rd. #479 Plan,River Ranch
347000.0,Bennet Plan,Goodnight Ranch
93995.0,7600 Daffan Lane #506 Plan,Oak Crest
486990.0,Plan 204 Plan,Parten 75ft. lots
275990.0,Marion Plan,Bradshaw Crossing Ridgepointe and Cottage Collection
489990.0,Samira Plan,Parten 75s
735000.0,Laurel C Plan,The Grove
280950.0,Madison B Plan,Kendall Lakes
252800.0,Elise B Plan,Kendall Lakes
274150.0,Elise B GR Plan,Kendall Lakes
224740.0,Balboa Plan,Mustang Crossing
195990.0,Polo Plan,Mustang Crossing
273150.0,Elise C GR Plan,Kendall Lakes
230000.0,1517 Bayou Dr,Alvin
217740.0,Pizarro Plan,Mustang Crossing
235000.0,5180 Kendall Cove Ct,Alvin
232490.0,Magellan Plan,Mustang Crossing
179900.0,7ACRE Fm 2403 Rd,Alvin
205490.0,Desoto Plan,Mustang Crossing
225000.0,1723 Redwood Cir,Alvin
286500.0,Lennox B Plan,Kendall Lakes
225990.0,5193 Dry Hollow Dr,Alvin
222490.0,Hudson Plan,Mustang Crossing
185712.0,1609 S Booth Ln,Alvin
228900.0,1820 Winding Trail Ln,Alvin
183240.0,Primrose Plan,Mustang Crossing
230000.0,704 Columbia St,Alvin
216740.0,Boone Plan,Mustang Crossing
219900.0,383 De Coster Blvd,Alvin
311950.0,Rylan B Plan,Kendall Lakes
213740.0,Cabot Plan,Mustang Crossing
227490.0,Cortez Plan,Mustang Crossing
317000.0,17200 East Ave,Alvin
279000.0,502 W Sealy St,Alvin
230000.0,1516 W Blum St,Alvin
189990.0,Magnolia Plan,Mustang Crossing
449000.0,0 Clifford St,Alvin
362500.0,3387 Clearwood Cir,Alvin
135000.0,17131 East Ave,Alvin
524500.0,2002 Mustang Rd,Alvin
247900.0,719 Rim Water Dr,Alvin
345000.0,0 Rowan Burton Rd,Alvin
170000.0,1502 Bellaire Blvd,Alvin
178000.0,1611 W Sealy St,Alvin
259000.0,394 Lake Line Dr,Alvin
235000.0,1203 Quarterhorse Dr,Alvin
599000.0,7261 Inkster Rd,Bloomfield Hills
99900.0,408 Fox Hills Dr S #6,Bloomfield Hills
748900.0,1808 E Mohawk Ct,Bloomfield Hills
450000.0,3957 Spur Hill Dr,Bloomfield Hills
899000.0,3060 Chickering Ln,Bloomfield Hills
389000.0,2517 Wildbrook Run,Bloomfield Hills
849000.0,4386 Compton Way,Bloomfield Hills
699900.0,3939 Oakland Dr,Bloomfield Hills
1250000.0,580 Hamilton Rd,Bloomfield Hills
1850000.0,1257 Water Cliff Dr,Bloomfield Hills
275000.0,4535 Pickering Rd,Bloomfield Hills
399900.0,6070 Darramoor Rd,Bloomfield Hills
875000.0,366 Sycamore Ct,Bloomfield Hills
995000.0,1351 Club Dr,Bloomfield Hills
789000.0,3225 E Bradford Dr,Bloomfield Hills
599950.0,2849 Whittier Dr,Bloomfield Hills
415000.0,1857 Ledbury Dr,Bloomfield Hills
449000.0,1030 Joanne Ct,Bloomfield Hills
519000.0,766 E Valley Chase Rd,Bloomfield Hills
199900.0,4041 W Maple Rd APT E103,Bloomfield
459000.0,7380 Saint Auburn Dr,Bloomfield Hills
975000.0,711 Kennebec Ct,Bloomfield Hills
1149000.0,257 Chestnut Cir,Bloomfield Hills
227500.0,1650 Trailwood Path APT B,Bloomfield Hills
168500.0,2005 Klingensmith Rd UNIT 64,Bloomfield Hills
1025000.0,46 Bataan Dr,Bloomfield Hills
1300000.0,1184 Copperwood Dr,Bloomfield Hills
935000.0,558 Kingsley Trl,Bloomfield Hills
629900.0,3714 Durham Ct,Bloomfield Hills
700000.0,3844 Mystic Valley Dr,Bloomfield Hills
799900.0,1289 Water Cliff Dr,Bloomfield Hills
1499900.0,3057 Heron Pointe Dr,Bloomfield Hills
569000.0,5310 Longmeadow Rd,Bloomfield Hills
894990.0,Hickory Plan,The Villas at Bloomfield Grove
600000.0,320 N Clifton Rd,Bloomfield Hills
2899000.0,491 Martell Dr,Bloomfield Hills
749500.0,559 Overhill Rd,Bloomfield Hills
749900.0,182 N Glengarry Rd,Bloomfield Hills
799000.0,473 N Cranbrook Rd,Bloomfield Hills
725000.0,95 Hadsell Dr,Bloomfield Hills
145900.0,1528 Lee Creek Rd,Belleville
205000.0,65904 State Route 124,Reedsville
35000.0,26 Belleville Dr,Belleville
159000.0,67571 State Route 124,Reedsville
174900.0,3312 N Stoneycrest Rd,Bloomington
363500.0,2312 S Montclair Ave,Bloomington
599500.0,415 W 7th St #274-275,Bloomington
145000.0,3221 N Kinser Pike,Bloomington
148900.0,708 S Cory Ln LOT 84,Bloomington
309900.0,4515 S Cardinal Dr,Bloomington
239900.0,1440 W Petal Ct,Bloomington
144900.0,604 W Allen St,Bloomington
128000.0,872 E Sherwood Hills Dr,Bloomington
499900.0,3313 S Forrester St,Bloomington
199900.0,5302 W Sycks Ct,Bloomington
279000.0,3648 S Sowder Sq,Bloomington
129900.0,9312 S Lake Ridge Dr #54,Bloomington
340000.0,4000 S Jamie Ln,Bloomington
285000.0,4321 E Walpole Ln,Bloomington
280000.0,322 E 1st St,Bloomington
157500.0,160 N Park Ridge Rd,Bloomington
235000.0,3950 S Knightridge Rd,Bloomington
515000.0,4291 S Windmill Ln,Bloomington
1250000.0,1501-1503 1513 S Walnut Street 106 & 110 E Hillside Dr #106,Bloomington
149900.0,921 E Waterloo Dr,Bloomington
26500.0,1390 W 8th St,Bloomington
57900.0,4713 N Triple Crown Dr,Bloomington
53900.0,4629 N Triple Crown Dr,Bloomington
53900.0,4640 N Triple Crown Dr,Bloomington
49900.0,4685 N Triple Crown Dr,Bloomington
53900.0,4635 N Triple Crown Dr,Bloomington
49900.0,4663 N Triple Crown Dr,Bloomington
53900.0,4649 N Triple Crown Dr,Bloomington
49900.0,4671 N Triple Crown Dr,Bloomington
57900.0,4714 N Triple Crown Dr,Bloomington
57900.0,4726 N Triple Crown Dr,Bloomington
134900.0,221 N Adams St,Bloomington
375000.0,915 S Rainier Ct,Bloomington
209000.0,1398 W 8th St,Bloomington
189900.0,3720 W Fullerton Pike,Bloomington
214777.0,2566 S Addisyn Ln,Bloomington
449000.0,304-308 W Kirkwood St,Bloomington
1250000.0,1501-1501 1503 1513 S Walnut Street 106 #&-110,Bloomington
595000.0,2150 E Mel Currie Rd,Bloomington
330000.0,16795 Renwick St,Livonia
163900.0,9132 Sunbury St,Livonia
232000.0,35844 Richland St,Livonia
219900.0,15486 Surrey St,Livonia
239900.0,9323 Eastwind Dr,Livonia
329900.0,34037 Burton Ln,Livonia
389900.0,35557 Seven Mile Rd,Livonia
293900.0,15925 Woodring Dr,Livonia
259900.0,36554 Grandon St,Livonia
195000.0,29955 Richland St,Livonia
152900.0,9143 Deering St,Livonia
280000.0,11402 Denne St,Livonia
300000.0,17418 Country Club Dr,Livonia
255000.0,17498 Doris St,Livonia
260000.0,33079 Oakley St,Livonia
239900.0,30855 Fargo St,Livonia
274900.0,18963 Bainbridge Ave,Livonia
249900.0,37160 Sherwood St,Livonia
175000.0,20125 Rensellor St,Livonia
190000.0,35457 Elmira St,Livonia
305900.0,35511 Wood St,Livonia
235000.0,15186 Norman St,Livonia
239900.0,34210 Orangelawn St,Livonia
364900.0,16533 Country Club Dr,Livonia
170000.0,32710 Ohio St,Livonia
229900.0,18419 Irving St,Livonia
144900.0,19628 Rensellor St,Livonia
379900.0,34608 Pinehurst Dr,Livonia
369900.0,37749 Pickford Dr,Livonia
209900.0,14518 Melrose St,Livonia
239900.0,35312 Elmira St,Livonia
349000.0,27928 Western Golf Dr,Livonia
275000.0,15132 Blue Skies St,Livonia
85000.0,27724 Fargo St,Livonia
310000.0,15525 Hubbard St,Livonia
179900.0,11200 Harrison St,Livonia
2000000.0,31630 Plymouth Rd,Livonia
285000.0,30647 Pickford St,Livonia
255000.0,18597 Levan Rd,Livonia
169900.0,29683 Nottingham Cir,Livonia
149000.0,24071 Chicago St,Dearborn
179000.0,2624 Academy St,Dearborn
199900.0,6118 Neckel St,Dearborn
199700.0,2005 Edgewood St,Dearborn
119900.0,2144 Homeplace St,Dearborn
149900.0,3023 Geneva St,Dearborn
79900.0,5523 Hartwell St,Dearborn
149900.0,648 Mayburn St,Dearborn
289900.0,6420 Argyle St,Dearborn
144900.0,22240 Tenny St,Dearborn
139900.0,5915 Steadman St,Dearborn
279000.0,7518 Williamson St,Dearborn
129900.0,22905 Sheridan St,Dearborn
141900.0,5460 Mead St,Dearborn
160000.0,3804 Mckinley St,Dearborn
107500.0,24061 Calvin St,Dearborn
104900.0,21800 Morley Ave APT 919,Dearborn
159900.0,18503 Audette St,Dearborn
20000.0,30 Morross Cir,Dearborn
144900.0,5226 Argyle St,Dearborn
199900.0,6456 Yinger Ave,Dearborn
69900.0,1439 S Telegraph Rd,Dearborn
279999.0,23900 Fordson Dr,Dearborn
189900.0,429 Robindale Ave,Dearborn
169000.0,4650 Curtis St,Dearborn
199900.0,6134 Neckel St,Dearborn
22900.0,3246 Harding St,Dearborn
140000.0,3147 Culver Ave,Dearborn
279900.0,22218 Abbey Ln,Dearborn
239900.0,22334 Beech St,Dearborn
122000.0,24638 Calvin St,Dearborn
209800.0,101 S York St,Dearborn
129900.0,10 Carlton Ln,Dearborn
159900.0,2433 Grindley Park St,Dearborn
129900.0,6 Carlton Ln,Dearborn
339000.0,15852 Longmeadow St,Dearborn
289000.0,445 S Waverly St,Dearborn
180000.0,828 N York St,Dearborn
115000.0,22925 Cleveland St,Dearborn
179700.0,702 S Brady Rd,Dearborn
499946.0,1946 Calvert St NW APT 1,Washington
525000.0,5308 Kansas Ave NW,Washington
369500.0,3315 Ely Pl SE,Washington
1550000.0,3321 Mckinley St NW,Washington
1185000.0,3408 13th St NW,Washington
325000.0,574 49th Pl NE,Washington
339900.0,1016 17th Pl NE #105,Washington
304900.0,1016 17th Pl NE #7,Washington
184000.0,44 49th St SE APT 201,Washington
475000.0,1432 V St SE,Washington
359900.0,3902-3902 14th St NW #416,Washington
359900.0,3902 14th St NW APT 416,Washington
879000.0,1915 Shepherd St NE,Washington
525000.0,1616 26th Pl SE #2,Washington
1050000.0,203 15th St NE,Washington
599000.0,4731 4th St NW,Washington
549000.0,3900 Watson Pl NW #A-7C,Washington
424900.0,2100 19th St NW #801,Washington
600000.0,2338 13th Pl NE,Washington
430000.0,1924 Trenton Pl SE,Washington
365000.0,2440 16th St NW APT 104,Washington
1200000.0,500 Dahlia St NW,Washington
399000.0,1000 New Jersey Ave SE UNIT 1217,Washington
799000.0,5113 Western Ave NW,Washington
850000.0,1832 Varnum St NE,Washington
1225000.0,1401 Q St NW APT 205,Washington
679000.0,2511 Queens Chapel Rd NE,Washington
650000.0,5303 13th St NW,Washington
629000.0,122 Tuckerman St NE,Washington
589000.0,710 Sheridan St NW,Washington
560000.0,3823 Commodore Joshua Barney Dr NE,Washington
1200000.0,3922 14th St NW,Washington
949999.0,904 Quincy St NE,Washington
398500.0,2501 Sayles Pl SE APT 11,Washington
689900.0,The Corcoran Plan,Riggs Park Place
839999.0,1226 Oates St NE,Washington
549900.0,57 N St NW #H-102,Washington
479900.0,57 N St NW #H-310,Washington
599000.0,919 Florida Ave NW APT 603,Washington
689000.0,1337 K St SE #202,Washington
99900.0,13209 Klinger St,Detroit
119900.0,20192 San Juan Dr,Detroit
64000.0,16235 Snowden St,Detroit
135900.0,17609 Woodingham Dr,Detroit
99000.0,20830 Joy Rd,Detroit
70000.0,15695 Edmore Dr,Detroit
120000.0,5901 Hillcrest St,Grosse Pointe
55000.0,15810 Griggs St,Detroit
39900.0,19129 Gruebner St,Detroit
69900.0,4059 Trenton St,Detroit
25000.0,18040 Fenelon St,Detroit
25000.0,10284 Delmar St,Detroit
25000.0,8083 Bryden St,Detroit
25000.0,8080 Bryden St,Detroit
25000.0,8075 Bryden St,Detroit
25000.0,8060 Bryden St,Detroit
25000.0,18599 Russell St,Detroit
159900.0,17326 Santa Rosa Dr,Detroit
25000.0,8904 Vaughan St,Detroit
25000.0,18859 Orleans St,Detroit
269000.0,8200 E Jefferson Ave APT 609,Detroit
25000.0,10123 Maplelawn St,Detroit
25000.0,12343 Lansdowne St,Detroit
25000.0,191 E Grixdale Ave,Detroit
25000.0,90 E Greendale St,Highland Park
15000.0,427 Marston St,Detroit
25000.0,9354 Bessemore St,Detroit
69000.0,15779 Murray Hill St,Detroit
169000.0,4866 Grayton St,Detroit
1000.0,3330 Greyfriars St,Detroit
1000.0,12876 Hubbell St,Detroit
1000.0,9401 Ravenswood St,Detroit
1000.0,18011 Gilchrist St,Detroit
100000.0,18451-18453 Lesure St,Detroit
248000.0,5766 Trumbull St APT 211,Detroit
223900.0,Ontario Plan,Great Lakes Tower
85000.0,8347 Hubbell St,Detroit
29900.0,19360 Murray Hill St,Detroit
210000.0,5766 Trumbull St APT 106,Detroit
19900.0,16595 Lilac St,Detroit
699900.0,Five Plan,Alto at Stapleton
879000.0,4551 Vrain St,Denver
699900.0,3203 N Saint Paul St,Denver
939900.0,Two Plan,Luxe at Stapleton
724900.0,3201 N Saint Paul St,Denver
349000.0,3926 E Evans Ave,Denver
1350000.0,3740 E 3rd Ave,Denver
527500.0,410 Acoma St #2-UNIT 5-1,Denver
660000.0,2B Plan,The Met at Boulevard One
1400000.0,2230 N Glencoe St,Denver
579900.0,2125 Niagara St,Denver
317500.0,Aster Plan,The Horizon Collection at Altaira at High Point
429000.0,14470 Stoll Pl,Denver
389000.0,630 S Decatur St,Denver
699900.0,Four Plan,Alto at Stapleton
392000.0,Torrey Plan,The Summit Collection at Altaira at High Point
949900.0,One Plan,Luxe at Stapleton
296500.0,Frontier Plan,The Westerly Collection at Altaira at High Point
109900.0,2919 Risley Dr,Lansing
132500.0,1804 W Michigan Ave,Lansing
54900.0,4927 Christiansen Rd,Lansing
270000.0,1412 Eastbury Dr,Lansing
93500.0,1012 E Hazel St,Lansing
69000.0,1023 Bement St,Lansing
140000.0,3941 Truxton Ln,Lansing
125284.0,622 Carey St,Lansing
129000.0,4214 Glenburne Blvd,Lansing
89500.0,3333 Moores River Dr APT 506,Lansing
57900.0,2309 Fielding Dr,Lansing
45000.0,2229 Turner St,Lansing
109900.0,800 Loa St,Lansing
139000.0,4303 Glenburne Blvd,Lansing
179900.0,322 S Jenison Ave,Lansing
236900.0,1504 Bentbrook Cir,Lansing
88000.0,617 N Clemens Ave,Lansing
92900.0,1501 Illinois Ave,Lansing
139000.0,4137 Thackin Dr,Lansing
234900.0,1615 S Canal Rd,Lansing
64900.0,4811 Hughes Rd,Lansing
184500.0,2516 Springdale Dr,Lansing
52890.0,Stonegate Plan,Stonegate
174900.0,626 W Howe Ave,Lansing
95900.0,919 Raider St,Lansing
384500.0,8358 Yellowstone Ln,Lansing
139900.0,2324 Tecumseh River Rd,Lansing
109986.0,4717 Donald St,Lansing
129000.0,1610 Beal Ave,Lansing
79900.0,4603 Pleasant Grove Rd,Lansing
52890.0,2700 Eaton Rapids Rd LOT 82,Lansing
53010.0,2700 Eaton Rapids Rd LOT 7,Lansing
52962.0,2700 Eaton Rapids Rd LOT 104,Lansing
115000.0,534 W Rouse St,Lansing
112500.0,121 E Claremore Dr,Lansing
89900.0,2605 W Kalamazoo St,Lansing
134900.0,5921 Woodgate Dr,Lansing
4795000.0,1512 Dolphin Ter,Corona Del Mar
999999.0,14 Ima Loa Ct #157,Newport Beach
2849000.0,1 Vernon,Newport Coast
179000.0,239 Plymouth Ave,Newport Beach
2100000.0,129 25th St,Newport Beach
1999999.0,714 Heliotrope Ave,Corona Del Mar
7995000.0,4533 Perham Rd,Corona Del Mar
2100000.0,1934 Port Edward Pl,Newport Beach
2295000.0,1431 Sea Ridge Dr,Newport Beach
1595000.0,431-5 Heliotrope Ave,Corona Del Mar
2695000.0,317 Via Lido Nord,Newport Beach
1849000.0,19 Rue Fontainbleau,Newport Beach
1125000.0,260 Cagney Ln APT 308,Newport Beach
2635000.0,619 Marguerite Ave,Corona Del Mar
4750000.0,913 W Bay Ave,Newport Beach
1350000.0,35 Seabrook Cv,Newport Beach
1375000.0,23 Saraceno,Newport Coast
1625000.0,470 Vista Trucha,Newport Beach
3250000.0,3904 River Ave,Newport Beach
285000.0,33 Saratoga #0,Newport Beach
1695000.0,118 26th St,Newport Beach
2700000.0,1613 W Balboa Blvd #1613,Newport Beach
6780000.0,10 Blue Shr,Newport Coast
1200000.0,1661 Orchard Dr,Newport Beach
978888.0,40 Anjou,Newport Coast
789000.0,7 Goodwill Ct,Newport Beach
5195000.0,1820 E West Oceanfront,Newport Beach
1695000.0,1737 Centella Pl,Newport Beach
4595000.0,3 Twin Lakes Cir,Corona Del Mar
1995000.0,216 Sapphire Ave,Newport Beach
4995000.0,7 Carmel Bay Dr,Corona Del Mar
695000.0,50 Seaborough,Newport Beach
3795000.0,312 Collins Ave,Newport Beach
2795000.0,5 Harbor Pointe Dr,Corona Del Mar
4925000.0,1119 E Balboa Blvd APT A,Newport Beach
1900000.0,1515 Priscilla Ln,Newport Beach
1395000.0,400 Vista Flora,Newport Beach
797000.0,210 Lille Ln,Newport Beach
3397000.0,914 W Balboa Blvd,Newport Beach
3397000.0,914 W Balboa Blvd #A & B,Newport Beach
949000.0,6299 Rocky Point Ct,Oakland
678900.0,3229 Delaware St,Oakland
650000.0,423 7th St UNIT 203,Oakland
1495000.0,6699 Exeter Dr,Oakland
795000.0,3101 35th Ave,Oakland
679000.0,106 Zephyr Dr,Oakland
870000.0,6608 Outlook Ave,Oakland
580000.0,1253 107th Ave,Oakland
1250000.0,4355 Everett Ave,Oakland
668000.0,1054 63rd St,Oakland
575000.0,1 bed 1.5 bath Plan,901 Jefferson
845000.0,983 56th St,Oakland
775000.0,2489 Cordova St,Oakland
675888.0,2738 Parker Ave,Oakland
1550000.0,3210 Harrison St,Oakland
1188000.0,2215 7th Ave,Oakland
799000.0,3245 Magnolia St,Oakland
799000.0,4224 West St,Oakland
739990.0,3407 Harper St,Oakland
599000.0,5827 Eastlawn St,Oakland
789000.0,1424 Pullman Way,Oakland
1395000.0,395 63rd St,Oakland
1495000.0,814 Mandana Blvd,Oakland
769000.0,5131 Mcdonell Ave,Oakland
620000.0,2516 68th Ave,Oakland
449900.0,466 Crescent St APT 303,Oakland
820000.0,2760 Best Ave,Oakland
590000.0,901 Jefferson St APT 102,Oakland
1195000.0,6738 Aitken Dr,Oakland
460000.0,2633 78th Ave,Oakland
675000.0,3906 Nevil St,Oakland
625000.0,1511 Jefferson St UNIT 101,Oakland
1750000.0,14075 Skyline Blvd,Oakland
499000.0,320 Caldecott Ln UNIT 313,Oakland
405000.0,2259 Courtland Ave,Oakland
499000.0,7460 Lockwood St,Oakland
699000.0,3675 Lily St,Oakland
625000.0,14 Anair Way,Oakland
699000.0,47 Excelsior Ct #47,Oakland
264600.0,9967 Triple Crown Cir,Orlando
481000.0,521 W Princeton St,Orlando
290000.0,3918 Benson Park Blvd,Orlando
298000.0,815 Driver Ave,Winter Park
295000.0,14620 Chloe Ct,Orlando
249900.0,2703 E Church St,Orlando
124900.0,3154 S Semoran Blvd APT 806,Orlando
468000.0,4065 Minoso St,Orlando
160000.0,204 E South St UNIT 4062,Orlando
282000.0,12804 Gettysburg Cir,Orlando
329000.0,5950 Goldenwood Dr,Orlando
549900.0,8648 Warwick Shore Xing,Orlando
119900.0,The Fairways Country Club 55+ Community New Home Plan,The Fairways Country Club 55+ Community
359990.0,4912 Blackburn Ct,Orlando
300990.0,Montara Plan,Storey Park The Hemingway Townhomes
274900.0,1200 Cole Rd,Orlando
399900.0,4520 Hidden Oak Ct,Orlando
224900.0,13301 Summerton Dr,Orlando
298000.0,14512 Grand Cove Dr,Orlando
550000.0,2427 Teton Stone Run,Orlando
975000.0,2445 Stoneview Rd,Orlando
139900.0,11814 Meadow Branch Dr APT 1213,Orlando
425000.0,734 Bella Vida Blvd,Orlando
258990.0,Banyan Plan,Sawgrass Townhomes
290000.0,5113 Mystic Point Ct,Orlando
205000.0,11558 Thurston Way,Orlando
227000.0,5611 Long Lake Hills Blvd,Orlando
220000.0,989 Vista Palma Way,Orlando
395000.0,3217 Raven Rd,Orlando
279000.0,9950 Eagle Creek Center Blvd,Orlando
450000.0,338 Bunker Pl,Orlando
515000.0,1611 New York Ave,Orlando
199900.0,12537 Wisconsin Woods Ln,Orlando
225000.0,13130 Odyssey Lake Way,Orlando
150000.0,4540 Commander Dr APT 2238,Orlando
499000.0,1713 Cheltenborough Dr,Orlando
159900.0,6530 Swissco Dr UNIT 1112,Orlando
414990.0,Talbot Plan,Laureate Park
179800.0,6530 Swissco Dr APT 1122,Orlando
1250000.0,16331 NE 46th St,Redmond
725000.0,27818 NE 49th St,Redmond
1195000.0,21421 NE 79th St,Redmond
519950.0,4214 W Lake Sammamish Pkwy NE APT 102,Redmond
1098000.0,10841 168th Ct NE,Redmond
510000.0,24377 NE 101st Ct,Redmond
998000.0,14127 NE 63rd Ct,Redmond
749950.0,2628 175th Ave NE,Redmond
750000.0,17498 NE 40th Pl #I-1,Redmond
1150000.0,13823 Morgan Dr NE,Redmond
1785000.0,11999 159th Ave NE,Redmond
375000.0,8063 170th Pl NE #B2,Redmond
840000.0,13952 Morgan Dr NE,Redmond
399500.0,23951 NE 115th Ln #201,Redmond
725000.0,18397 NE 97th Ct,Redmond
1450000.0,17251 NE 36th St,Redmond
1288000.0,3427 180th Ave NE,Redmond
389950.0,23948 NE 115th Ln #303,Redmond
1350000.0,23733 NE 108th Pl,Redmond
385000.0,8110 145th Ct NE #A-6,Redmond
430000.0,8808 Redmond Woodinville Rd NE #301,Redmond
803000.0,15709 NE 110th St,Redmond
998950.0,15513 NE 54th Pl,Redmond
1720000.0,13348 NE 80th St,Redmond
874990.0,Residence V Plan,66 Degrees
2999990.0,6692 264th Ave NE,Redmond
900000.0,14804 NE 70th Ct,Redmond
375000.0,7573 Old Redmond Rd APT 10,Redmond
287500.0,3543 278th Pl NE,Redmond
1385000.0,3818-3826 172nd Ave NE,Redmond
1750000.0,5707 238th Pl NE,Redmond
939950.0,20812 NE 89th St,Redmond
585000.0,16010 NE 40th Ct #6D,Redmond
790000.0,2222 152nd Ave NE,Redmond
1695000.0,9315 218th Ave NE,Redmond
1425000.0,11746 175th Pl NE,Redmond
3495000.0,6417 204th Dr NE,Redmond
1475000.0,17015 NE 136th Pl,Redmond
350000.0,14618 NE 81st St,Redmond
1485000.0,4012 164th Ct NE,Redmond
225000.0,5718 Meadowview St,Ypsilanti
264900.0,7469 Dover Dr,Ypsilanti
145000.0,215 Arcade St,Ypsilanti
359900.0,6906 Plainview St,Ypsilanti
299000.0,6399 Enchanted Dr,Ypsilanti
309900.0,3530 Cloverlawn Ave,Ypsilanti
267900.0,7092 Pamela Dr,Ypsilanti
119900.0,318 W Ainsworth St,Ypsilanti
246990.0,The Edgewater Plan,Majestic Lakes
189000.0,816 Dwight St,Ypsilanti
229000.0,5135 Applewood Dr,Ypsilanti
131000.0,2976 Roundtree Blvd,Ypsilanti
250000.0,506 N Adams St,Ypsilanti
150000.0,701 E Cross St,Ypsilanti
324900.0,706 Cornell Rd,Ypsilanti
337500.0,8951 Indigo Ln,Ypsilanti
300000.0,1447 Witmire St,Ypsilanti
250000.0,8148 Lake Crest Dr,Ypsilanti
225000.0,7304 Cypress Pointe Dr,Ypsilanti
195000.0,3115 Primrose Ln,Ypsilanti
280990.0,The Austin Plan,Majestic Lakes
184990.0,The Avery Plan,Crystal Pond
303990.0,The Hampton Plan,Majestic Lakes
299900.0,4661 Hickory Pointe Blvd,Ypsilanti
359000.0,3236 Hillside Dr,Ypsilanti
184990.0,The Ella Plan,Crystal Pond
780000.0,921 Woods Dr,Ypsilanti
116000.0,1640 Washtenaw Rd,Ypsilanti
266990.0,The Columbia Plan,Majestic Lakes
169500.0,6010 S Mohawk Ave,Ypsilanti
68995.0,9937 Julie Drive Site #126 Plan,Lakeview
300000.0,1447 Witmire Ave,Ypsilanti
369990.0,4305 Rolling Meadow Ln,Ypsilanti
68995.0,6242 Rick Street Site #024 Plan,Lakeview
249990.0,The Harvest Plan,Majestic Lakes
370000.0,5070 Chatfield Dr,Ypsilanti
377990.0,4291 Rolling Meadow Ln,Ypsilanti
289900.0,6400 Jonquil Ln,Ypsilanti
288990.0,The Forest Plan,Majestic Lakes
256990.0,The Bloomington Plan,Majestic Lakes
